﻿
=== 事業会社データ ===
ID,コード,会社名,略称,カテゴリ,組織ID,組織名,主管カンパニー,主管部門,主管部,地域,表示順序,作成日時,更新日時
a10dc741-a86d-40d4-8efc-43ad4c962478,B02465,エヌシーアイ総合システム（株）,,関連B,290cced8-6938-4c88-9419-bc55d300d8cd,情報産業ビジネス部,C0S：情金,8N： 情報・通信部門,B2：*情報産業ビジネス部,国内,0,1765140678,1765140678
e2d2b226-76a8-41e7-a2c9-50b45a8666de,B05477,伊藤忠テクノソリューションズ（株）,,子会社A,290cced8-6938-4c88-9419-bc55d300d8cd,情報産業ビジネス部,C0S：情金,8N： 情報・通信部門,B2：*情報産業ビジネス部,国内,0,1765140678,1765140678
345d0360-0090-4c35-a5b9-5998072f77fe,B10747,伊藤忠ケーブルシステム（株）,,子会社B,290cced8-6938-4c88-9419-bc55d300d8cd,情報産業ビジネス部,C0S：情金,8N： 情報・通信部門,B2：*情報産業ビジネス部,国内,0,1765140678,1765140678
a3aac92a-fea2-4399-a582-1c183c1c815e,B11297,日本テレマティーク（株）,,関連B,290cced8-6938-4c88-9419-bc55d300d8cd,情報産業ビジネス部,C0S：情金,8N： 情報・通信部門,B2：*情報産業ビジネス部,国内,0,1765140678,1765140678
a1137f9c-9df2-4ddd-8975-5d0405224737,B16192,ＣＴＣテクノロジー（株）,,孫（事業）,290cced8-6938-4c88-9419-bc55d300d8cd,情報産業ビジネス部,C0S：情金,8N： 情報・通信部門,B2：*情報産業ビジネス部,国内,0,1765140678,1765140678
2031cff1-172e-4a43-938b-3fedbd7d1096,B16193,ＣＴＣエスピー（株）,,孫（事業）,290cced8-6938-4c88-9419-bc55d300d8cd,情報産業ビジネス部,C0S：情金,8N： 情報・通信部門,B2：*情報産業ビジネス部,国内,0,1765140678,1765140678
6cd78124-cd69-496a-8b99-94f32af31435,B34546,"ITOCHU TECHNO-SOLUTIONS AMERICA, INC.",CTCA,孫（事業）,290cced8-6938-4c88-9419-bc55d300d8cd,情報産業ビジネス部,C0S：情金,8N： 情報・通信部門,B2：*情報産業ビジネス部,海外,0,1765140678,1765140678
e7cf0b3e-c809-44a2-93bc-c427a3afd636,B34889,"NHK COSMOMEDIA AMERICA, INC.",NCMA,孫（事業）,290cced8-6938-4c88-9419-bc55d300d8cd,情報産業ビジネス部,C0S：情金,8N： 情報・通信部門,B2：*情報産業ビジネス部,海外,0,1765140678,1765140678
d6798fad-b0b0-4e87-884a-be083db52449,B47438,"ADVANCED MEDIA TECHNOLOGIES, INC.",AMT,子会社・海外,290cced8-6938-4c88-9419-bc55d300d8cd,情報産業ビジネス部,C0S：情金,8N： 情報・通信部門,B2：*情報産業ビジネス部,海外,0,1765140678,1765140678
0670eb4e-ad34-4b5c-8a32-e611d2784937,B76022,ＣＴＣビジネスサービス（株）,,孫（事業）,290cced8-6938-4c88-9419-bc55d300d8cd,情報産業ビジネス部,C0S：情金,8N： 情報・通信部門,B2：*情報産業ビジネス部,国内,0,1765140678,1765140678
96578ab8-3df9-4a45-ab27-bf9f29765892,B82264,ＣＴＣファシリティーズ（株）,,孫（事業）,290cced8-6938-4c88-9419-bc55d300d8cd,情報産業ビジネス部,C0S：情金,8N： 情報・通信部門,B2：*情報産業ビジネス部,国内,0,1765140678,1765140678
ce1e3843-9086-4b43-8d98-f42c1a1884bf,B89554,アサヒビジネスソリューションズ（株）,,孫（事業）,290cced8-6938-4c88-9419-bc55d300d8cd,情報産業ビジネス部,C0S：情金,8N： 情報・通信部門,B2：*情報産業ビジネス部,国内,0,1765140678,1765140678
3bf06beb-c6b6-47cd-b0ab-c92f0957c926,C11569,ＣＴＣシステムマネジメント（株）,,孫（事業）,290cced8-6938-4c88-9419-bc55d300d8cd,情報産業ビジネス部,C0S：情金,8N： 情報・通信部門,B2：*情報産業ビジネス部,国内,0,1765140678,1765140678
d782d2f6-9fcd-45ea-ad47-ce6ab8a858e1,C21386,CTC GLOBAL (THAILAND) LTD.,CTCTH,孫（事業）,290cced8-6938-4c88-9419-bc55d300d8cd,情報産業ビジネス部,C0S：情金,8N： 情報・通信部門,B2：*情報産業ビジネス部,海外,0,1765140678,1765140678
1b6a797d-75f6-4a7d-84cf-42b8da079696,C22154,"AVIDEX INDUSTRIES, L.L.C.",AVIDEX,子会社・海外,290cced8-6938-4c88-9419-bc55d300d8cd,情報産業ビジネス部,C0S：情金,8N： 情報・通信部門,B2：*情報産業ビジネス部,海外,0,1765140678,1765140678
abef0d3e-1253-4163-8d47-f2fae01dcd1c,C22512,CTC GLOBAL PTE. LTD.,CTCSG,孫（事業）,290cced8-6938-4c88-9419-bc55d300d8cd,情報産業ビジネス部,C0S：情金,8N： 情報・通信部門,B2：*情報産業ビジネス部,海外,0,1765140678,1765140678
6d8cd6e7-75ee-45d4-b2ef-d7ed0ad73952,C22513,CTC GLOBAL SDN. BHD.,CTCMY,孫（事業）,290cced8-6938-4c88-9419-bc55d300d8cd,情報産業ビジネス部,C0S：情金,8N： 情報・通信部門,B2：*情報産業ビジネス部,海外,0,1765140678,1765140678
7e0e3576-d9a0-412f-9dcb-338a5df5b341,C32726,ＣＴＣビジネスエキスパート（株）,,孫（事業）,290cced8-6938-4c88-9419-bc55d300d8cd,情報産業ビジネス部,C0S：情金,8N： 情報・通信部門,B2：*情報産業ビジネス部,国内,0,1765140678,1765140678
43b8234c-0877-4835-9dda-04f221c17585,C34168,ウイングアーク１ｓｔ（株）,,孫（上場）,290cced8-6938-4c88-9419-bc55d300d8cd,情報産業ビジネス部,C0S：情金,8N： 情報・通信部門,B2：*情報産業ビジネス部,国内,0,1765140678,1765140678
ae1b6504-d8a6-41c4-9a26-387978025ae7,C35958,PT. NUSANTARA COMPNET INTEGRATOR,NUSANTARA COMPNET INTEGRATOR,孫（事業）,290cced8-6938-4c88-9419-bc55d300d8cd,情報産業ビジネス部,C0S：情金,8N： 情報・通信部門,B2：*情報産業ビジネス部,海外,0,1765140678,1765140678
d20db3b5-c1e7-498b-bdc8-0037a68a86bf,C35959,PT. PRO SISTIMATIKA AUTOMASI,PRO SISTIMATIKA AUTOMASI,孫（事業）,290cced8-6938-4c88-9419-bc55d300d8cd,情報産業ビジネス部,C0S：情金,8N： 情報・通信部門,B2：*情報産業ビジネス部,海外,0,1765140678,1765140678
cb86fc9c-6cd0-419f-b0a4-304ef8fc72c7,C36108,ＩＷ．ＤＸパートナーズ（株）,,子会社B,290cced8-6938-4c88-9419-bc55d300d8cd,情報産業ビジネス部,C0S：情金,8N： 情報・通信部門,B2：*情報産業ビジネス部,国内,0,1765140678,1765140678
b1557bf8-1ce4-4767-9922-c19dfd666157,C42359,Ｉ＆Ｂコンサルティング（株）,,子会社B,290cced8-6938-4c88-9419-bc55d300d8cd,情報産業ビジネス部,C0S：情金,8N： 情報・通信部門,B2：*情報産業ビジネス部,国内,0,1765140678,1765140678
ab4d2cef-d9fb-4cc3-8e82-810daa93bb5a,C44115,"THOMAS GALLAWAY COMPANY, LLC",TGT,関連・海外,290cced8-6938-4c88-9419-bc55d300d8cd,情報産業ビジネス部,C0S：情金,8N： 情報・通信部門,B2：*情報産業ビジネス部,海外,0,1765140678,1765140678
1ba3551a-0e47-4d52-a045-19d7aee7c6f5,B13519,（株）パスコ,,孫（事業）,755f8c4a-2a6e-4845-b870-3636ed5960dc,フロンティアビジネス部,C0S：情金,8N： 情報・通信部門,B5：フロンティアビジネス部,国内,0,1765142228,1765142228
fceba7b6-9c35-42c3-8635-144d7cd24098,B15233,センチュリーメディカル（株）,,子会社B,755f8c4a-2a6e-4845-b870-3636ed5960dc,フロンティアビジネス部,C0S：情金,8N： 情報・通信部門,B5：フロンティアビジネス部,国内,1,1765142228,1765142228
754b0645-9b55-4f7c-b6f6-c98ec3859b1c,B78011,伊藤忠テクノロジーベンチャーズ（株）,,子会社B,755f8c4a-2a6e-4845-b870-3636ed5960dc,フロンティアビジネス部,C0S：情金,8N： 情報・通信部門,B5：フロンティアビジネス部,国内,2,1765142228,1765142228
fa6ab499-4d4a-4708-b79f-a394c63ebb15,B92485,エイツーヘルスケア（株）,,子会社B,755f8c4a-2a6e-4845-b870-3636ed5960dc,フロンティアビジネス部,C0S：情金,8N： 情報・通信部門,B5：フロンティアビジネス部,国内,3,1765142228,1765142228
702b11ca-2edf-4f04-813a-11f14389ffe3,C07393,（株）スカパーＪＳＡＴホールディングス,,孫（上場）,755f8c4a-2a6e-4845-b870-3636ed5960dc,フロンティアビジネス部,C0S：情金,8N： 情報・通信部門,B5：フロンティアビジネス部,国内,4,1765142228,1765142228
f9da99cb-4d7d-43dd-b510-984a01165c2a,C12764,"ITC VENTURES XI, INC. (ITC VENTURES XI, INC.)",,子会社・海外,755f8c4a-2a6e-4845-b870-3636ed5960dc,フロンティアビジネス部,C0S：情金,8N： 情報・通信部門,B5：フロンティアビジネス部,海外,5,1765142228,1765142228
4dcb1090-5515-4f23-9fa3-9220eeaf66b2,C14335,東洋メディック（株）,,子会社B,755f8c4a-2a6e-4845-b870-3636ed5960dc,フロンティアビジネス部,C0S：情金,8N： 情報・通信部門,B5：フロンティアビジネス部,国内,6,1765142228,1765142228
c2c6a771-0976-482b-b327-2f136e05b348,C25335,A2 HEALTHCARE TAIWAN CORPORATION (A2TW),,孫（事業）,755f8c4a-2a6e-4845-b870-3636ed5960dc,フロンティアビジネス部,C0S：情金,8N： 情報・通信部門,B5：フロンティアビジネス部,海外,7,1765142228,1765142228
506ab21a-73b1-4271-a54a-483777b545a5,C25534,伊藤忠・フジ・パートナーズ（株）,,子会社B,755f8c4a-2a6e-4845-b870-3636ed5960dc,フロンティアビジネス部,C0S：情金,8N： 情報・通信部門,B5：フロンティアビジネス部,国内,8,1765142228,1765142228
0c1e5c9c-ac0b-47ae-bcbd-5631b109a93c,C34823,DOCQUITY HOLDINGS PTE. LTD. (DOCQUITY HOLDINGS PTE. LTD.),,関連・海外,755f8c4a-2a6e-4845-b870-3636ed5960dc,フロンティアビジネス部,C0S：情金,8N： 情報・通信部門,B5：フロンティアビジネス部,海外,9,1765142228,1765142228
41b12c1a-35c2-4986-8379-7fad0f568b08,C38727,RIGHTS & BRANDS ASIA LIMITED (RBA),,関連・海外,755f8c4a-2a6e-4845-b870-3636ed5960dc,フロンティアビジネス部,C0S：情金,8N： 情報・通信部門,B5：フロンティアビジネス部,海外,10,1765142228,1765142228
2417cc35-2a73-4013-a902-7df93eb76d12,C39469,ＴＸＰ　Ｍｅｄｉｃａｌ（株）,,関連B,755f8c4a-2a6e-4845-b870-3636ed5960dc,フロンティアビジネス部,C0S：情金,8N： 情報・通信部門,B5：フロンティアビジネス部,国内,11,1765142228,1765142228
490e3637-3b71-48c0-b074-784c225b73e4,C42733,ＩＳフロンティアパートナーズ（株）,,子会社B,755f8c4a-2a6e-4845-b870-3636ed5960dc,フロンティアビジネス部,C0S：情金,8N： 情報・通信部門,B5：フロンティアビジネス部,国内,12,1765142228,1765142228
84e630a5-12d1-4eeb-9921-c3b54fad6fcd,C43867,"ITC VENTURE PARTNERS, INC (IVP)",,子会社・海外,755f8c4a-2a6e-4845-b870-3636ed5960dc,フロンティアビジネス部,C0S：情金,8N： 情報・通信部門,B5：フロンティアビジネス部,海外,13,1765142228,1765142228
5771fcdf-c430-47a7-9165-8aa52d44b5e9,C44490,（株）アイライツポート,,子会社B,755f8c4a-2a6e-4845-b870-3636ed5960dc,フロンティアビジネス部,C0S：情金,8N： 情報・通信部門,B5：フロンティアビジネス部,国内,14,1765142228,1765142228
b83732ed-69a1-42ef-9887-6fc1993246b5,B44413,ITOCHU FINANCE (ASIA) LTD.,(IFA),子会社・海外,a1754862-d0e3-41b6-b9a2-5ff6496681dc,M2：金融ビジネス部,C0S：情金,8T： 金融・保険部門,M2：金融ビジネス部,海外,0,1765142605,1765142605
b4ff1122-d7ca-487e-aed5-8499a2642962,B58769,ポケットカード（株）,,孫（事業）,a1754862-d0e3-41b6-b9a2-5ff6496681dc,M2：金融ビジネス部,C0S：情金,8T： 金融・保険部門,M2：金融ビジネス部,国内,1,1765142605,1765142605
be0f3003-9a6e-4a16-a5f4-34fcaf2af821,B62650,UNITED ASIA FINANCE LIMITED,(UAF),孫（事業）,a1754862-d0e3-41b6-b9a2-5ff6496681dc,M2：金融ビジネス部,C0S：情金,8T： 金融・保険部門,M2：金融ビジネス部,海外,2,1765142605,1765142605
f5bed964-3619-4e6a-a70d-189760f799d7,B75554,FIRST RESPONSE FINANCE LIMITED,(FRF),子会社・海外,a1754862-d0e3-41b6-b9a2-5ff6496681dc,M2：金融ビジネス部,C0S：情金,8T： 金融・保険部門,M2：金融ビジネス部,海外,3,1765142605,1765142605
24ee70d4-84ac-4811-b3a7-83cf22b8071f,B85858,"EASY BUY PUBLIC CO., LTD.",(EASY BUY PCL),孫（事業）,a1754862-d0e3-41b6-b9a2-5ff6496681dc,M2：金融ビジネス部,C0S：情金,8T： 金融・保険部門,M2：金融ビジネス部,海外,4,1765142605,1765142605
4f59ab27-184c-40f7-81d5-2d1b2082c251,C19232,GCT MANAGEMENT (THAILAND) LTD.,(GCT),子会社・海外,a1754862-d0e3-41b6-b9a2-5ff6496681dc,M2：金融ビジネス部,C0S：情金,8T： 金融・保険部門,M2：金融ビジネス部,海外,5,1765142605,1765142605
83331bc7-958e-47bd-8108-16f9b0f842fd,C26223,（株）ＰＣＨ,,子会社B,a1754862-d0e3-41b6-b9a2-5ff6496681dc,M2：金融ビジネス部,C0S：情金,8T： 金融・保険部門,M2：金融ビジネス部,国内,6,1765142605,1765142605
8b1838b0-d2fa-4a2e-a6e1-f3d04e54297d,C31965,ACOM CONSUMER FINANCE CORPORATION,(ACF),関連・海外,a1754862-d0e3-41b6-b9a2-5ff6496681dc,M2：金融ビジネス部,C0S：情金,8T： 金融・保険部門,M2：金融ビジネス部,海外,7,1765142605,1765142605
e6b9b63c-3837-433d-898a-fa4eb6ed3e8f,C39004,（株）外為どっとコム,,関連B,a1754862-d0e3-41b6-b9a2-5ff6496681dc,M2：金融ビジネス部,C0S：情金,8T： 金融・保険部門,M2：金融ビジネス部,国内,8,1765142605,1765142605
e433e6bc-b0ef-4245-ac4b-eaf8944b2e4d,C43436,EASTERN COMMERCIAL LEASING PUBLIC COMPANY LIMITED,(EAST),孫（上場）,a1754862-d0e3-41b6-b9a2-5ff6496681dc,M2：金融ビジネス部,C0S：情金,8T： 金融・保険部門,M2：金融ビジネス部,海外,9,1765142605,1765142605
821b0315-8b5b-4d57-9966-19bbc123f07e,B07713,伊藤忠オリコ保険サービス（株）,,子会社B,bcdd5a72-0703-44d6-a915-86eae966bc16,M3：保険ビジネス部,C0S：情金,8T： 金融・保険部門,M3：保険ビジネス部,国内,0,1765142605,1765142605
ac50abe3-095a-4050-910c-e479b512032c,B24084,"COSMOS SERVICES CO., LTD.",(COSMOS/HKG),孫（事業）,bcdd5a72-0703-44d6-a915-86eae966bc16,M3：保険ビジネス部,C0S：情金,8T： 金融・保険部門,M3：保険ビジネス部,海外,1,1765142605,1765142605
5791ffa4-6784-45b0-8d2e-11e5f42c23ac,B25618,"SIAM COSMOS SERVICES CO.,LTD.",(COSMOS/THAILAND),孫（事業）,bcdd5a72-0703-44d6-a915-86eae966bc16,M3：保険ビジネス部,C0S：情金,8T： 金融・保険部門,M3：保険ビジネス部,海外,2,1765142605,1765142605
6e697005-372a-435b-84e0-d1dce44c8060,B64822,ＣＯＳＭＯＳリスクソリューションズ（株）,,子会社B,bcdd5a72-0703-44d6-a915-86eae966bc16,M3：保険ビジネス部,C0S：情金,8T： 金融・保険部門,M3：保険ビジネス部,国内,3,1765142605,1765142605
715c247a-8619-47a5-b7ca-60056ea9e516,C24833,ほけんの窓口グループ（株）,,子会社A,bcdd5a72-0703-44d6-a915-86eae966bc16,M3：保険ビジネス部,C0S：情金,8T： 金融・保険部門,M3：保険ビジネス部,国内,4,1765142605,1765142605
8c6357fe-6cca-4480-be82-00ebd1f18f74,C35253,Ｇａｒｄｉａ（株）,,孫（事業）,bcdd5a72-0703-44d6-a915-86eae966bc16,M3：保険ビジネス部,C0S：情金,8T： 金融・保険部門,M3：保険ビジネス部,国内,5,1765142605,1765142605
12292938-a96e-408c-b900-8fbab177a18e,C40154,ＦＭ保険サービス（株）,,孫（事業）,bcdd5a72-0703-44d6-a915-86eae966bc16,M3：保険ビジネス部,C0S：情金,8T： 金融・保険部門,M3：保険ビジネス部,国内,6,1765142605,1765142605
e616f1a5-40a5-4a1d-9f45-d31e1c57c5de,C42152,GR MANAGEMENT (THAILAND) LTD.,(GMT),孫（事業）,bcdd5a72-0703-44d6-a915-86eae966bc16,M3：保険ビジネス部,C0S：情金,8T： 金融・保険部門,M3：保険ビジネス部,海外,7,1765142605,1765142605
2a9817f0-98e6-46a7-8fed-749bf673514e,C43413,THAIVIVAT INSURANCE PUBLIC COMPANY LIMITED,(TVI),孫（事業）,bcdd5a72-0703-44d6-a915-86eae966bc16,M3：保険ビジネス部,C0S：情金,8T： 金融・保険部門,M3：保険ビジネス部,海外,8,1765142605,1765142605
a7a755a9-838d-4cc6-bf92-e4b1c7b07dda,C43915,IM HORIZON CORP.,(IM HORIZON CORP.),子会社・海外,bcdd5a72-0703-44d6-a915-86eae966bc16,M3：保険ビジネス部,C0S：情金,8T： 金融・保険部門,M3：保険ビジネス部,海外,9,1765142605,1765142605
8b7804b5-8ee0-4da3-9536-0862521573ec,C43983,CHURCHILL INNOVATIVE HOLDINGS LLC,(CHURCHILL INNOVATIVE HOLDINGS LLC),孫（事業）,bcdd5a72-0703-44d6-a915-86eae966bc16,M3：保険ビジネス部,C0S：情金,8T： 金融・保険部門,M3：保険ビジネス部,海外,10,1765142605,1765142605
eab22696-7a93-4286-8917-bde99990f9ad,B05459,伊藤忠インタラクティブ（株）,,子会社B,f41b8b41-b52b-4204-aae6-345a83e565e7,情報・通信部門,C0S：情金,8N： 情報・通信部門,B3：*通信ビジネス部,国内,0,1765140678,1765140678
4d3bc3df-3321-428b-8269-15858c6e2aac,B76529,マイボイスコム（株）,,孫（事業）,f41b8b41-b52b-4204-aae6-345a83e565e7,情報・通信部門,C0S：情金,8N： 情報・通信部門,B3：*通信ビジネス部,国内,0,1765140678,1765140678
3827cdea-c18d-48fd-b2a1-ef57c8b3f879,B97523,アシュリオン・ジャパン（株）,,関連B,f41b8b41-b52b-4204-aae6-345a83e565e7,情報・通信部門,C0S：情金,8N： 情報・通信部門,B3：*通信ビジネス部,国内,0,1765140678,1765140678
e0f772ef-8951-4303-921a-7c45668ea280,C11491,FERNANDO CAPITAL COMPANY LTD.,FERNANDO,子会社・海外,f41b8b41-b52b-4204-aae6-345a83e565e7,情報・通信部門,C0S：情金,8N： 情報・通信部門,B3：*通信ビジネス部,海外,0,1765140678,1765140678
dc7ba964-7bc8-4817-9739-c2cfa94e8676,C25983,（株）ベルシステム２４ホールディングス,,関連・上場,f41b8b41-b52b-4204-aae6-345a83e565e7,情報・通信部門,C0S：情金,8N： 情報・通信部門,B3：*通信ビジネス部,国内,0,1765140678,1765140678
d9672726-c3bc-4d36-8222-fa73b67271f2,C29679,WE SELL CELLULAR LLC,WE SELL CELLULAR LLC,子会社・海外,f41b8b41-b52b-4204-aae6-345a83e565e7,情報・通信部門,C0S：情金,8N： 情報・通信部門,B3：*通信ビジネス部,海外,0,1765140678,1765140678
ad77fd54-2c60-4ffb-8b67-a5bdc90f818f,C35006,（株）Ｂｅｌｏｎｇ,,子会社B,f41b8b41-b52b-4204-aae6-345a83e565e7,情報・通信部門,C0S：情金,8N： 情報・通信部門,B3：*通信ビジネス部,国内,0,1765140678,1765140678
b6174e26-ac03-4713-ba03-2fc05f20c863,C38045,ジーアイクラウド（株）,,孫（事業）,f41b8b41-b52b-4204-aae6-345a83e565e7,情報・通信部門,C0S：情金,8N： 情報・通信部門,B3：*通信ビジネス部,国内,0,1765140678,1765140678
341f4d65-1424-4374-9769-fedb0bb2f91d,C40184,ＡＫＱＡ　ＵＫＡ（株）,,孫（事業）,f41b8b41-b52b-4204-aae6-345a83e565e7,情報・通信部門,C0S：情金,8N： 情報・通信部門,B3：*通信ビジネス部,国内,0,1765140678,1765140678
2b9b463b-b4ff-4a7a-a4b5-f2e1af7b8f57,C42202,辻・本郷ＩＴコンサルティング（株）,,関連B,f41b8b41-b52b-4204-aae6-345a83e565e7,情報・通信部門,C0S：情金,8N： 情報・通信部門,B3：*通信ビジネス部,国内,0,1765140678,1765140678