﻿
=== 組織データ ===
ID,親組織ID,組織名,タイトル,説明,階層レベル,階層名称,表示順序,作成日時,更新日時
f41b8b41-b52b-4204-aae6-345a83e565e7,,情報・通信部門,ICT Division,部門長：堀内 真人,0,部門,1,1765139787,1765139787
755f8c4a-2a6e-4845-b870-3636ed5960dc,f41b8b41-b52b-4204-aae6-345a83e565e7,フロンティアビジネス部,Frontier Business Department,部長：髙部 公彦,1,課,1,1765139787,1765139787
f2b92ae6-4b68-4b54-bec8-ddb77e0e0a48,f41b8b41-b52b-4204-aae6-345a83e565e7,企画統轄課,Planning & Administration Section,課長：三谷 恭介,1,課,1,1765139787,1765139787
9cfb061d-ce03-4b15-ae8b-5e242d9effb9,f41b8b41-b52b-4204-aae6-345a83e565e7,営業サポートチーム,Business Process Operation Team,チーム長：花嶋 志郎,1,課,1,1765139787,1765139787
290cced8-6938-4c88-9419-bc55d300d8cd,f41b8b41-b52b-4204-aae6-345a83e565e7,情報産業ビジネス部,Information Technology Business Department,部長：関川 潔,1,課,1,1765139787,1765139787
9a60351e-a6c8-4b62-b3bd-11538a181365,f41b8b41-b52b-4204-aae6-345a83e565e7,通信ビジネス部,Communications Business Department,部長：(兼)太田 英利,1,課,1,1765139787,1765139787
611b5723-626b-4c8c-a0d0-e01dfdda7ea4,290cced8-6938-4c88-9419-bc55d300d8cd,DXコンサルティング課,DX Consulting Section,課長：山崎 祐,2,チーム,1,1765139787,1765139787
954a38dd-e040-4e2f-a758-c46dc9eb6de9,290cced8-6938-4c88-9419-bc55d300d8cd,ITビジネス課,IT Business Section,課長：山田 哲生,2,チーム,1,1765139787,1765139787
093577bf-30e6-4ec2-857b-d1e41e84788b,755f8c4a-2a6e-4845-b870-3636ed5960dc,インキュベーション推進課,Incubation Business Section,課長：倉島 慶,2,チーム,1,1765139787,1765139787
f8c4ca88-e677-4ac3-965f-a31f0404f76b,290cced8-6938-4c88-9419-bc55d300d8cd,デジタルバリューチェーン課,Digital Value Chain Section,課長：小泉 圭巧,2,チーム,1,1765139787,1765139787
6b61db74-c8ea-405b-b8f5-55ccbae6018e,9a60351e-a6c8-4b62-b3bd-11538a181365,デジタルマーケティングビジネス課,Digital Marketing Business Section,課長：清原 延高,2,チーム,1,1765139787,1765139787
7b720439-7a5b-47b4-91f7-a96a47f63375,9a60351e-a6c8-4b62-b3bd-11538a181365,モバイルビジネス課,Telecom Business Section,課長：山口 恭史,2,チーム,1,1765139787,1765139787
cf99ef81-021e-44ee-ba8b-f84e1b62d646,755f8c4a-2a6e-4845-b870-3636ed5960dc,医療・ヘルスケアビジネス課,Medical & Healthcare Business Section,課長：児玉 裕幸,2,チーム,1,1765139787,1765139787
b1b4fc6f-63f6-4858-b339-fdc1c8ef8e46,755f8c4a-2a6e-4845-b870-3636ed5960dc,衛星・IPコンテンツビジネス課,Satellite & IP Content Business Section,課長：荒巻 裕史,2,チーム,1,1765139787,1765139787
23a012b2-16ce-44f5-b4de-ba2bdb820acd,9a60351e-a6c8-4b62-b3bd-11538a181365,ＢＰＯビジネス課,BPO Business Section,課長：松下 祐生,2,チーム,1,1765139787,1765139787
48779d09-4f24-48a4-aacb-f0caeff6e759,,8T： 金融・保険部門,,,2,部門,2,1765142605,1765142605
a1754862-d0e3-41b6-b9a2-5ff6496681dc,48779d09-4f24-48a4-aacb-f0caeff6e759,M2：金融ビジネス部,,,3,部,0,1765142605,1765142605
bcdd5a72-0703-44d6-a915-86eae966bc16,48779d09-4f24-48a4-aacb-f0caeff6e759,M3：保険ビジネス部,,,3,部,1,1765142605,1765142605

=== メンバーデータ ===
ID,組織ID,組織名,メンバー名,役職,名前（ローマ字）,部署,内線番号,会社電話番号,携帯電話番号,メールアドレス,伊藤忠メールアドレス,Teams,雇用形態,ロール名,インジケーター,所在地,フロア・ドア番号,以前の名前,作成日時,更新日時
58f8ab9f-4dd2-49d4-bb0a-00b290b98ad3,093577bf-30e6-4ec2-857b-d1e41e84788b,インキュベーション推進課,佐々木 尊正,,ササキ タカマサ,インキュベーション推進課,9313631,,09027622780,0334973631,sasaki-t@itochu.co.jp,Teams,嘱託 /社員 / ITOCHU Employee,フロンティアビジネス部インキュベーション推進課,TOKII,,,,1765080178,1765080178
defdbe2a-6a99-401e-9efa-b59f3308af14,093577bf-30e6-4ec2-857b-d1e41e84788b,インキュベーション推進課,佐藤 由佳,,サトウ ユカ,インキュベーション推進課,9317251,08092065277,08092065277,0334977251,nakamatsu-y@itochu.co.jp,Teams,総合職 /社員 / ITOCHU Employee,フロンティアビジネス部インキュベーション推進課,TOKII,17F / 17F,17F S5,中松 / ナカマツ / NAKAMATSU,1765080178,1765080178
0a186a0c-38e8-473f-8454-8b68de712763,093577bf-30e6-4ec2-857b-d1e41e84788b,インキュベーション推進課,堀田 峻平,,ホリタ シュンペイ,インキュベーション推進課,9313628,08092065271,08092065271,0334973628,horita-s@itochu.co.jp,Teams,総合職 /社員 / ITOCHU Employee,フロンティアビジネス部インキュベーション推進課,TOKII,,,,1765080178,1765080178
d5067688-62ec-4729-9a93-24e030b392f0,093577bf-30e6-4ec2-857b-d1e41e84788b,インキュベーション推進課,東馬 健太郎,,トウマ ケンタロウ,インキュベーション推進課,9312918,07041168126,07041168126,+81334972918,toma-k@itochu.co.jp,Teams,総合職 /社員 / ITOCHU Employee,フロンティアビジネス部インキュベーション推進課,TOKII,東京 / TOKYO,17F,,1765080178,1765080178
ead1cad2-c3a3-424f-aed5-a98e902c0920,093577bf-30e6-4ec2-857b-d1e41e84788b,インキュベーション推進課,直井 豊美,,ナオイ トヨミ,インキュベーション推進課,9312402,08095532482,,0334972402,naoi-toyomi1@itochu.co.jp,Teams,社員外 /派遣社員 / Temp Staff,インキュベーション推進課,TOKII,,17S3,,1765080178,1765080178
d73cb52b-68da-40db-afb9-bd0f0a74bc6d,093577bf-30e6-4ec2-857b-d1e41e84788b,インキュベーション推進課,野中 丈弘,,ノナカ タケヒロ,インキュベーション推進課,9317457,09056638333,,+819056638333,nonaka-t@itochu.co.jp,Teams,総合職 /社員 / ITOCHU Employee,フロンティアビジネス部インキュベーション推進課,TOKNW,港区北青山２の５の１ /,17F,,1765080178,1765080178
1d6b7210-22e6-4e76-9c50-2b7238574e51,093577bf-30e6-4ec2-857b-d1e41e84788b,インキュベーション推進課,金原 武尊,,カナハラ タケル,インキュベーション推進課,9314949,08092065278,,08092065278,kanahara-t@itochu.co.jp,Teams,総合職 /社員 / ITOCHU Employee,フロンティアビジネス部インキュベーション推進課,TOKII,,,,1765080178,1765080178
fd3154b3-e5c5-4d4b-b5ee-56a9d9aa0788,093577bf-30e6-4ec2-857b-d1e41e84788b,インキュベーション推進課,倉島 慶,課長,クラシマ ケイ,インキュベーション推進課,9312403,08092065269,08092065269,0334972403,kurashima-ke@itochu.co.jp,Teams,総合職 /社員 / ITOCHU Employee,フロンティアビジネス部インキュベーション推進課長,TOKII,東京本社 /,17F,,1765080178,1765080178
2082d6b9-3639-4e65-af1e-2cd786b5af86,093577bf-30e6-4ec2-857b-d1e41e84788b,インキュベーション推進課,笹生 朋樹アイザック,課長代行,サソウ トモキ アイザツク,インキュベーション推進課,3573,,+6281554807316,0334973573,saso-t@itochu.co.jp,Teams,総合職 /社員 / ITOCHU Employee,フロンティアビジネス部インキュベーション推進課長代行,TOKII,外苑前本社 / Gaienmae,17F,,1765080178,1765080178
c6d997a4-b9d8-432e-93e3-30d1e2b38c06,23a012b2-16ce-44f5-b4de-ba2bdb820acd,ＢＰＯビジネス課,横山 大輔,,ヨコヤマ ダイスケ,BPOビジネス課,9313465,08095532459,08033487919,0334973465,yokoyama-da@itochu.co.jp,Teams,受入出向 /社員 / ITOCHU Employee,通信ビジネス部BPOビジネス課,TOCNV,,,,1765079976,1765079976
8ca86736-9045-44ff-97b7-a51f17489709,23a012b2-16ce-44f5-b4de-ba2bdb820acd,ＢＰＯビジネス課,熊谷 豪晃,,クマガイ タケアキ,BPOビジネス課,,08095532461,,,kumagai-ta@itochu.co.jp,Teams,受入出向 /社員 / ITOCHU Employee,通信ビジネス部BPOビジネス課,,,,,1765079976,1765079976
4a185062-cb96-4bcb-8bae-c1babfac75c6,23a012b2-16ce-44f5-b4de-ba2bdb820acd,ＢＰＯビジネス課,田中 啓士郎,,タナカ ケイシロウ,BPOビジネス課,9313845,08095532464,09062343262,0334973845,tanaka-keis@itochu.co.jp,Teams,総合職 /社員 / ITOCHU Employee,通信ビジネス部BPOビジネス課,-,東京 / Tokyo,,,1765079976,1765079976
eb74c2be-0399-4f36-bc85-f48388076c71,23a012b2-16ce-44f5-b4de-ba2bdb820acd,ＢＰＯビジネス課,藤井 健太,,フジイ ケンタ,BPOビジネス課,,08095532457,,,fujii-ken@itochu.co.jp,Teams,総合職 /社員 / ITOCHU Employee,通信ビジネス部BPOビジネス課,,,,,1765079976,1765079976
17030be0-de84-4bfb-b170-47232cb00f74,23a012b2-16ce-44f5-b4de-ba2bdb820acd,ＢＰＯビジネス課,阿曽 直実,,アソ ナオミ,BPOビジネス課,7317647,08095532466,,0334977647,aso@itochu.co.jp,Teams,BX職 /社員 / ITOCHU Employee,通信ビジネス部BPOビジネス課,TOKIO,東京 / Tokyo,17S5,,1765079976,1765079976
bc7a4815-f1b9-4af8-8cf0-42f08e06e3f9,23a012b2-16ce-44f5-b4de-ba2bdb820acd,ＢＰＯビジネス課,髙木 咲良,,タカギ サラ,BPOビジネス課,,08095532465,,,takagi-s@itochu.co.jp,Teams,総合職 /社員 / ITOCHU Employee,通信ビジネス部BPOビジネス課,,,,,1765079976,1765079976
c3241c44-8a7a-4ebf-9ca0-4da90619701b,23a012b2-16ce-44f5-b4de-ba2bdb820acd,ＢＰＯビジネス課,松下 祐生,課長,マツシタ ユウキ,BPOビジネス課,7004,08092065255,08092065255,0334977004,matsushita-yu@itochu.co.jp,Teams,総合職 /社員 / ITOCHU Employee,通信ビジネス部BPOビジネス課長,TOKIO,東京 / TOKYO,17F S5,,1765079976,1765079976
a0f99d09-6aff-4046-b084-bf0212fcc8d7,23a012b2-16ce-44f5-b4de-ba2bdb820acd,ＢＰＯビジネス課,薬師寺 健二,課長代行,ヤクシジ ケンジ,BPOビジネス課,7691,08092065257,,+819014386415,yakushiji-k@itochu.co.jp,Teams,総合職 /社員 / ITOCHU Employee,通信ビジネス部BPOビジネス課長代行,TOKIO,"東京都港区北青山２－５－１ / 5-1,Kita-Aoyama 2-Chome, Minato-ku,Tokyo 107-8077 Japan",17,,1765079976,1765079976
8fc8b1ad-2c42-473c-991a-273e75b4e465,290cced8-6938-4c88-9419-bc55d300d8cd,情報産業ビジネス部,上信 陽太郎,,ウエノブ ヨウタロウ,情報産業ビジネス部,,09080285310,,,uenobu-y@itochu.co.jp,Teams,総合職 /社員 / ITOCHU Employee,(兼)情報産業ビジネス部,,,,,1765079589,1765079589
5dc9b5b9-7f01-46a6-8a4f-eb755e2154c3,290cced8-6938-4c88-9419-bc55d300d8cd,情報産業ビジネス部,並木 佳子,,ナミキ ヨシコ,情報産業ビジネス部,,08095532475,,,hoshino.yoshiko@itochu.co.jp,Teams,BX職 /社員 / ITOCHU Employee,(兼)情報産業ビジネス部,,,,星野 / ホシノ / HOSHINO,1765079589,1765079589
0bbebafa-f361-4d0c-9819-6df59f748f73,290cced8-6938-4c88-9419-bc55d300d8cd,情報産業ビジネス部,和田 翔太郎,,ワダ ショウタロウ,情報産業ビジネス部,,08082213304,,,wada-sh@itochu.co.jp,Teams,受入出向 /社員 / ITOCHU Employee,(兼)情報産業ビジネス部,,,,,1765079589,1765079589
c0d7d34e-4d6b-4b98-8dbc-9448833b54bf,290cced8-6938-4c88-9419-bc55d300d8cd,情報産業ビジネス部,岩本 亮介,,イワモト リョウスケ,情報産業ビジネス部,,08082216036,,,iwamoto-ry@itochu.co.jp,Teams,受入出向 /社員 / ITOCHU Employee,(兼)情報産業ビジネス部,,,,,1765079589,1765079589
90ee3c69-2ed6-44bb-b13b-b2f766a3fe36,290cced8-6938-4c88-9419-bc55d300d8cd,情報産業ビジネス部,牧野 大希,,マキノ ダイキ,情報産業ビジネス部,,08082213168,,,makino-daiki@itochu.co.jp,Teams,受入出向 /社員 / ITOCHU Employee,(兼)情報産業ビジネス部,,,,,1765079589,1765079589
93119bb1-864c-4282-869d-f254d911a43c,290cced8-6938-4c88-9419-bc55d300d8cd,情報産業ビジネス部,畔上 沙織,,アゼガミ サオリ,情報産業ビジネス部,,08082216112,,,inohana-s@itochu.co.jp,Teams,受入出向 /社員 / ITOCHU Employee,(兼)情報産業ビジネス部,,,,猪鼻 / イノハナ / INOHANA,1765079589,1765079589
d7d30cc7-884c-42bb-bcc4-deca1ece8bf2,290cced8-6938-4c88-9419-bc55d300d8cd,情報産業ビジネス部,米原 楓佳,,ヨネハラ フウカ,情報産業ビジネス部,,07048095038,,,hara-f@itochu.co.jp,Teams,受入出向 /社員 / ITOCHU Employee,(兼)情報産業ビジネス部,,,,原 / ハラ / HARA,1765079589,1765079589
787f89ad-2583-4805-8223-dca1788b2721,290cced8-6938-4c88-9419-bc55d300d8cd,情報産業ビジネス部,関川 潔,部長,セキカワ キヨシ,情報産業ビジネス部,9317265,07041168101,,0334977265,sekikawa-k@itochu.co.jp,Teams,総合職 /社員 / ITOCHU Employee,情報産業ビジネス部長,TOKZR,,20F,,1765079589,1765079589
2e488b22-8518-49a3-b1fb-e88583d40e3e,290cced8-6938-4c88-9419-bc55d300d8cd,情報産業ビジネス部,大元 伸一,部長代行,オオモト シンイチ,情報産業ビジネス部,4328,09080285126,,4328,oomoto-s@itochu.co.jp,Teams,総合職 /社員 / ITOCHU Employee,情報産業ビジネス部長代行,Tokkv,東京 / Tokyo,17F,,1765079589,1765079589
46f30523-a19e-404a-a889-e2af441858eb,611b5723-626b-4c8c-a0d0-e01dfdda7ea4,DXコンサルティング課,並木 佳子,,ナミキ ヨシコ,DXコンサルティング課,9313225,08095532475,,0334973225,hoshino.yoshiko@itochu.co.jp,Teams,BX職 /社員 / ITOCHU Employee,情報産業ビジネス部DXコンサルティング課,TOKID,東京 / TOKYO,17F(S)7,星野 / ホシノ / HOSHINO,1765079589,1765079589
04b2ea43-4a69-4205-958b-902acbe7a742,611b5723-626b-4c8c-a0d0-e01dfdda7ea4,DXコンサルティング課,丸川 瑛,,マルカワ アキラ,DXコンサルティング課,9312407,08092065159,+818092065159,+81334972407,marukawa-a@itochu.co.jp,Teams,総合職 /社員 / ITOCHU Employee,情報産業ビジネス部DXコンサルティング課,TOKID,,,,1765079589,1765079589
3a508cf9-3575-447f-b155-8d5ab2ed2c21,611b5723-626b-4c8c-a0d0-e01dfdda7ea4,DXコンサルティング課,伊藤 圭祐,,イトウ ケイスケ,DXコンサルティング課,9312421,07041168109,07041168109,0334972421,itoh-ke@itochu.co.jp,Teams,総合職 /社員 / ITOCHU Employee,情報産業ビジネス部DXコンサルティング課,TOKKQ,東京 / Tokyo,17F,,1765079589,1765079589
20b3478c-c087-43b4-be43-1057486a1810,611b5723-626b-4c8c-a0d0-e01dfdda7ea4,DXコンサルティング課,定森 貴大,,サダモリ タカヒロ,DXコンサルティング課,9314683,08028677197,09020190715,0334974683,sadamori-t@itochu.co.jp,Teams,総合職 /社員 / ITOCHU Employee,情報産業ビジネス部DXコンサルティング課,TOKKQ,"〒107-8077 東京都港区北青山2-5-1 / 5-1, Kita-Aoyama 2-chome, Minato-ku",5F,,1765079589,1765079589
a8cbc8d1-024b-4387-b974-590ede99cc0a,611b5723-626b-4c8c-a0d0-e01dfdda7ea4,DXコンサルティング課,小峰 徹也,,コミネ テツヤ,DXコンサルティング課,3697,08092065161,,0334973697,komine-te@itochu.co.jp,Teams,総合職 /社員 / ITOCHU Employee,情報産業ビジネス部DXコンサルティング課,TOKID,東京 / Tokyo,,,1765079589,1765079589
2b5a591a-2566-4487-886a-a7f3930a3fd6,611b5723-626b-4c8c-a0d0-e01dfdda7ea4,DXコンサルティング課,戴 心甜,,ダイ シンティエン,DXコンサルティング課,9313877,08028677207,,034973877,dai-x@itochu.co.jp,Teams,受入出向 /社員 / ITOCHU Employee,情報産業ビジネス部DXコンサルティング課,TOKKQ,,,,1765079589,1765079589
06a8d214-532a-4068-9512-3f9e48915e88,611b5723-626b-4c8c-a0d0-e01dfdda7ea4,DXコンサルティング課,永井 里枝,,ナガイ リエ,DXコンサルティング課,9317027,09080285111,,0334977027,,Teams,社員外 /派遣社員 / Temp Staff,DXコンサルティング課,TOKID,,,,1765079589,1765079589
b29f96e2-f461-467b-9dfc-a94e75a3c663,611b5723-626b-4c8c-a0d0-e01dfdda7ea4,DXコンサルティング課,田中 悠登,,タナカ ユウト,DXコンサルティング課,9314838,08092065164,08092065164,0334974838,tanaka-yut@itochu.co.jp,Teams,総合職 /社員 / ITOCHU Employee,情報産業ビジネス部DXコンサルティング課,TOKID,,,,1765079589,1765079589
a9fed26c-05b1-4255-ad7d-3cac1d164b48,611b5723-626b-4c8c-a0d0-e01dfdda7ea4,DXコンサルティング課,藤野 祐里佳,,フジノ ユリカ,DXコンサルティング課,9313417,08092065170,08092065170,0334973417,fujino-y@itochu.co.jp,Teams,受入出向 /社員 / ITOCHU Employee,情報産業ビジネス部DXコンサルティング課,TOKID,,,,1765079589,1765079589
c7d235c3-bfb6-473f-a4e0-5ba059666cc4,611b5723-626b-4c8c-a0d0-e01dfdda7ea4,DXコンサルティング課,高山 捷太,,タカヤマ シヨウタ,DXコンサルティング課,9313669,,08092065322,0334973669,takayama-sho@itochu.co.jp,Teams,総合職 /社員 / ITOCHU Employee,情報産業ビジネス部DXコンサルティング課,TOKID,,,,1765079589,1765079589
1749a3e0-7531-47da-9366-3d67143bff8a,611b5723-626b-4c8c-a0d0-e01dfdda7ea4,DXコンサルティング課,山崎 祐,課長,ヤマザキ タスク,DXコンサルティング課,9313627,08092065181,08092065181,0334973627,yamazaki-ta@itochu.co.jp,Teams,総合職 /社員 / ITOCHU Employee,情報産業ビジネス部DXコンサルティング課長,TOKID,東京都港区北青山2-5-1 / Tokyo,17F,,1765079589,1765079589
898b5228-6448-4c94-bfe6-82fb7a031029,611b5723-626b-4c8c-a0d0-e01dfdda7ea4,DXコンサルティング課,渡部 晃史,課長代行,ワタベ アキフミ,DXコンサルティング課,08092065171,08092065171,08092065171,08092065171,watabe-a@itochu.co.jp,Teams,総合職 /社員 / ITOCHU Employee,情報産業ビジネス部DXコンサルティング課長代行,TOKKX,東京本社 / Tokyo,17F,,1765079589,1765079589
da4ce26a-0769-48ab-a6a2-52c50861a71f,6b61db74-c8ea-405b-b8f5-55ccbae6018e,デジタルマーケティングビジネス課,古田 海斗,,フルタ カイト,デジタルマーケティングビジネス課,,09080285264,,,furuta-ka@itochu.co.jp,Teams,総合職 /社員 / ITOCHU Employee,通信ビジネス部デジタルマーケティングビジネス課,,,,,1765079589,1765079589
1c4255b3-6b57-4071-82d8-1e0032fb75df,6b61db74-c8ea-405b-b8f5-55ccbae6018e,デジタルマーケティングビジネス課,宮脇 彰吾,,ミヤワキ ショウゴ,デジタルマーケティングビジネス課,,08092065266,,,miyawaki-s@itochu.co.jp,Teams,受入出向 /社員 / ITOCHU Employee,通信ビジネス部デジタルマーケティングビジネス課,,,,,1765079589,1765079589
c2204c5b-d2e2-422d-aabb-8908985f73aa,6b61db74-c8ea-405b-b8f5-55ccbae6018e,デジタルマーケティングビジネス課,山崎 賢太郎,,ヤマザキ ケンタロウ,デジタルマーケティングビジネス課,9313098,08092065267,,0334973098,yamazaki-ken@itochu.co.jp,Teams,総合職 /社員 / ITOCHU Employee,通信ビジネス部デジタルマーケティングビジネス課,TOKNW,,,,1765079589,1765079589
9625038e-a45c-4020-8a65-4177c6d993eb,6b61db74-c8ea-405b-b8f5-55ccbae6018e,デジタルマーケティングビジネス課,渡邊 陽太,,ワタナベ ヨウタ,デジタルマーケティングビジネス課,93177708,09080285266,,0334977708,watanabe-yot@itochu.co.jp,Teams,総合職 /社員 / ITOCHU Employee,通信ビジネス部デジタルマーケティングビジネス課,,東京都港区北青山2-5-1 /,17F 17S7,,1765079589,1765079589
b9381943-a8b2-466b-bf80-daccaa2a8015,6b61db74-c8ea-405b-b8f5-55ccbae6018e,デジタルマーケティングビジネス課,澤口 彩,,サワグチ アヤ,デジタルマーケティングビジネス課,9312434,08092065268,08092065268,0334972434,sawaguchi-a@itochu.co.jp,Teams,総合職 /社員 / ITOCHU Employee,通信ビジネス部デジタルマーケティングビジネス課,TOKIQ,,,,1765079589,1765079589
5b3d5b85-72b9-4376-8d49-1357fb36fab7,6b61db74-c8ea-405b-b8f5-55ccbae6018e,デジタルマーケティングビジネス課,石井 恵子,,イシイ ケイコ,デジタルマーケティングビジネス課,9317802,09080285267,,0334977802,ishii-keiko@itochu.co.jp,Teams,BX職 /社員 / ITOCHU Employee,通信ビジネス部デジタルマーケティングビジネス課,TOKIQ,本社 / Tokyo,17F S7,,1765079589,1765079589
181118bf-2dac-43e2-a64e-53426fd9e63a,6b61db74-c8ea-405b-b8f5-55ccbae6018e,デジタルマーケティングビジネス課,荻野 知也,,オギノ トモヤ,デジタルマーケティングビジネス課,9313648,07041168104,09068130601,0334973648,ogino-t@itochu.co.jp,Teams,総合職 /社員 / ITOCHU Employee,通信ビジネス部デジタルマーケティングビジネス課,TOKKU,東京本社 / TOKYO,17S5,,1765079589,1765079589
f09dd932-ce02-4c19-a8af-e0aa344d60a4,6b61db74-c8ea-405b-b8f5-55ccbae6018e,デジタルマーケティングビジネス課,西尾 佳奈子,,ニシオ カナコ,デジタルマーケティングビジネス課,6566,08095587551,,0334976566,yamada-ka@itochu.co.jp,Teams,総合職 /社員 / ITOCHU Employee,通信ビジネス部デジタルマーケティングビジネス課,TOKVZ,東京 / TOKYO,16F,山田 / ヤマダ / YAMADA,1765079589,1765079589
ea369e7c-7fb4-4fff-888d-5a23fe0c7a99,6b61db74-c8ea-405b-b8f5-55ccbae6018e,デジタルマーケティングビジネス課,清原 延高,課長,キヨハラ ノブタカ,デジタルマーケティングビジネス課,,,09048177254,09048177254,kiyohara-n@itochu.co.jp,Teams,総合職 /社員 / ITOCHU Employee,通信ビジネス部デジタルマーケティングビジネス課長,TOKIQ,東京都港区北青山2-5-1 / Tokyo,17F,,1765079589,1765079589
d0029588-875d-499d-bae0-a7f76d360926,6b61db74-c8ea-405b-b8f5-55ccbae6018e,デジタルマーケティングビジネス課,竹上 貴之,課長代行,タケガミ タカユキ,デジタルマーケティングビジネス課,2462,08022263925,,0334972462,takegami-t@itochu.co.jp,Teams,総合職 /社員 / ITOCHU Employee,通信ビジネス部デジタルマーケティングビジネス課長代行,TOKKQ,青山17F / TOKYO,17S3,,1765079589,1765079589
3e0e9a88-a826-4d97-b1ad-752570c619c6,755f8c4a-2a6e-4845-b870-3636ed5960dc,フロンティアビジネス部,中尾 久仁央樹,,ナカオ クニオキ,フロンティアビジネス部,34972758,08028677299,08028677299,0334974152,nakao-ku@itochu.co.jp,Teams,総合職 /社員 / ITOCHU Employee,フロンティアビジネス部,TOKIH,東京 / TOKYO,17,,1765080178,1765080178
fd26083c-c79b-467c-abe1-2f038b8d1138,755f8c4a-2a6e-4845-b870-3636ed5960dc,フロンティアビジネス部,久田 尚子,,ヒサタ ナオコ,フロンティアビジネス部,,08095532505,,,kubota-na@itochu.co.jp,Teams,BX職 /社員 / ITOCHU Employee,(兼)フロンティアビジネス部,,,,,1765080178,1765080178
1ae02cad-7ff0-4ecf-b840-6a2b77b80a45,755f8c4a-2a6e-4845-b870-3636ed5960dc,フロンティアビジネス部,窪田 隆平,,クボタ リュウヘイ,フロンティアビジネス部,,09080285315,,,kubota-ry@itochu.co.jp,Teams,総合職 /社員 / ITOCHU Employee,(兼)フロンティアビジネス部,,,,,1765080178,1765080178
20504e05-28ea-4740-8e6f-62710600af63,755f8c4a-2a6e-4845-b870-3636ed5960dc,フロンティアビジネス部,酒井 亮,,サカイ リヨウ,フロンティアビジネス部,7301,07041168122,,0334977301,sakai-r@itochu.co.jp,Teams,総合職 /社員 / ITOCHU Employee,フロンティアビジネス部,TOKFR,"港区北青山2-5-1 / 5-1 Kita-Aoyama 2-chome, MInatoku,Tokyo",17,,1765080178,1765080178
485c369e-ea2a-4dbf-90e9-da716bcd47fa,755f8c4a-2a6e-4845-b870-3636ed5960dc,フロンティアビジネス部,髙部 公彦,部長,タカベ キミヒコ,フロンティアビジネス部,9312464,07041168124,,0334972464,takabe-k@itochu.co.jp,Teams,総合職 /社員 / ITOCHU Employee,フロンティアビジネス部長,TOKIF,伊藤忠商事 / ITOCHU Corporation,17F,,1765080178,1765080178
173574a1-e0f0-4160-bb66-e9b418d1f0c5,7b720439-7a5b-47b4-91f7-a96a47f63375,モバイルビジネス課,今西 望,,イマニシ ノゾミ,モバイルビジネス課,,,,,imanishi-nozomi1@itochu.co.jp,Teams,社員外 /業務委託（非常駐） / Subcontractor's staff,モバイルビジネス課,,,,,1765079589,1765079589
706f781f-e519-486d-b8d4-7ca13ad7c17a,7b720439-7a5b-47b4-91f7-a96a47f63375,モバイルビジネス課,伊藤 未来,,イトウ ミキ,モバイルビジネス課,7286,09080285283,,0334977286,ito-miki2@itochu.co.jp,Teams,社員外 /派遣社員 / Temp Staff,モバイルビジネス課,TOKIZ,,,,1765079589,1765079589
257ed5d4-8bbd-406b-9b93-c1a591168b27,7b720439-7a5b-47b4-91f7-a96a47f63375,モバイルビジネス課,大島 小百合,,オオシマ サユリ,モバイルビジネス課,,,,,ooshima-sayuri@itochu.co.jp,Teams,社員外 /業務委託（非常駐） / Subcontractor's staff,モバイルビジネス課,,,,,1765079589,1765079589
ebdc561a-fb98-411d-8d16-22852f00cdaf,7b720439-7a5b-47b4-91f7-a96a47f63375,モバイルビジネス課,大崎 純子,,オオサキ ジュンコ,モバイルビジネス課,2526,09080285174,,0334972526,oosaki-junko@itochu.co.jp,Teams,社員外 /派遣社員 / Temp Staff,モバイルビジネス課,,,,,1765079589,1765079589
6eb5879d-ab4d-4ef6-bc0f-2293b5275f0f,7b720439-7a5b-47b4-91f7-a96a47f63375,モバイルビジネス課,大村 雄輝,,オオムラ ユウキ,モバイルビジネス課,9317695,08092065254,05031432332,+810334977695,omura-y@itochu.co.jp,Teams,総合職 /社員 / ITOCHU Employee,通信ビジネス部モバイルビジネス課,toknw,東京 / TOKYO,17F,,1765079589,1765079589
bee816ee-f5ff-4e03-b43c-0fb51ca25a1f,7b720439-7a5b-47b4-91f7-a96a47f63375,モバイルビジネス課,小枝 珠里,,コエダ ジユリ,モバイルビジネス課,7238,09080285289,,0334977238,mochizuki-j@itochu.co.jp,Teams,総合職 /社員 / ITOCHU Employee,通信ビジネス部モバイルビジネス課,TOKIZ,,,望月 / モチヅキ / Mochizuki,1765079589,1765079589
91a53ad2-5c1e-4f70-a235-e81db4db384a,7b720439-7a5b-47b4-91f7-a96a47f63375,モバイルビジネス課,山ノ上 実弥子,,ヤマノウエ ミヤコ,モバイルビジネス課,,,,,,Teams,社員外 /業務委託（非常駐） / Subcontractor's staff,モバイルビジネス課,,,,,1765079589,1765079589
c1d618c5-a037-4f0b-83b8-9c1f281c3144,7b720439-7a5b-47b4-91f7-a96a47f63375,モバイルビジネス課,山本 秋,,ヤマモト シユウ,モバイルビジネス課,0,08092065355,09038659350,0,yamamoto-shu1@itochu.co.jp,Teams,総合職 /社員 / ITOCHU Employee,通信ビジネス部モバイルビジネス課,TOKIO,"東京都港区北青山２－５－１ / 5-1,Kita-Aoyama 2-Chome, Minato-ku,Tokyo 107-8077 Japan",F17,,1765079589,1765079589
cdc64c4e-ff51-48c1-a53a-8b19987de215,7b720439-7a5b-47b4-91f7-a96a47f63375,モバイルビジネス課,山田 勇樹,,ヤマダ ユウキ,モバイルビジネス課,+819080285288,09080285288,,+819080285288,yamada-yuki1@itochu.co.jp,Teams,総合職 /社員 / ITOCHU Employee,通信ビジネス部モバイルビジネス課,TOKNW,東京本社 / Tokyo,17F S,,1765079589,1765079589
a9d4b23d-fa09-4678-8010-501fb9b178b4,7b720439-7a5b-47b4-91f7-a96a47f63375,モバイルビジネス課,情家 香織,,ジヨウケ カオリ,モバイルビジネス課,9317224,09080285282,,0334977224,jyoke-k@itochu.co.jp,Teams,BX職 /社員 / ITOCHU Employee,通信ビジネス部モバイルビジネス課,TOKNP,東京本社 / TOKYO,17S5,,1765079589,1765079589
87898fe4-4456-41cd-a026-0ea34add2025,7b720439-7a5b-47b4-91f7-a96a47f63375,モバイルビジネス課,曽和 俊二,,ソワ シユンジ,モバイルビジネス課,0334973729,08092065316,08092065316,0334973729,sowa-s@itochu.co.jp,Teams,総合職 /社員 / ITOCHU Employee,通信ビジネス部モバイルビジネス課,TOKNW,東京 / Tokyo,17S,,1765079589,1765079589
b99405c3-cf88-4c0c-b16d-578c23734422,7b720439-7a5b-47b4-91f7-a96a47f63375,モバイルビジネス課,朝倉 拓海,,アサクラ タクミ,モバイルビジネス課,2413,09080285277,08065795945,0334972413,asakura-ta@itochu.co.jp,Teams,総合職 /社員 / ITOCHU Employee,通信ビジネス部モバイルビジネス課,IZ,伊藤忠商事株式会社 / ITOCHU Corporation,17F,,1765079589,1765079589
27d4dc77-8f63-4e2f-97e7-95eb21f4af7a,7b720439-7a5b-47b4-91f7-a96a47f63375,モバイルビジネス課,杉谷 知剛,,スギタニ トモタカ,モバイルビジネス課,3650,09080285280,,0334973650,sugitani-t@itochu.co.jp,Teams,総合職 /社員 / ITOCHU Employee,通信ビジネス部モバイルビジネス課,TOKIZ,東京本社 / ITOCHU Headquarters,17F S,,1765079589,1765079589
a0ac2042-3bf0-4f92-8620-469493c321bc,7b720439-7a5b-47b4-91f7-a96a47f63375,モバイルビジネス課,森 亜紀子,,モリ アキコ,モバイルビジネス課,3177,09080285197,,0334973177,mori-akiko1@itochu.co.jp,Teams,社員外 /派遣社員 / Temp Staff,モバイルビジネス課,,,,,1765079589,1765079589
6dcd0a80-68a8-4178-b837-f7f0aabde33d,7b720439-7a5b-47b4-91f7-a96a47f63375,モバイルビジネス課,田村 あや子,,タムラ アヤコ,モバイルビジネス課,9313696,,,0334973696,tamura-ay@itochu.co.jp,Teams,BX職 /社員 / ITOCHU Employee,通信ビジネス部モバイルビジネス課(育児休業),TOKNP,東京本社 / TOKYO,17S7,,1765079589,1765079589
b35226c6-d3d9-41ff-859d-abcba5ca187f,7b720439-7a5b-47b4-91f7-a96a47f63375,モバイルビジネス課,稲岡 宣輔,,イナオカ センスケ,モバイルビジネス課,9317653,07041168118,07041168118,0334977653,inaoka-se@itochu.co.jp,Teams,嘱託(継続雇用) /社員 / ITOCHU Employee,通信ビジネス部モバイルビジネス課,TOKNP,,17S7,,1765079589,1765079589
85ac43eb-1b9e-449e-bfb3-9b5a73c1f608,7b720439-7a5b-47b4-91f7-a96a47f63375,モバイルビジネス課,米澤 悠聖,,ヨネザワ ユウセイ,モバイルビジネス課,3098,09080285279,,0334973098,yonezawa-y@itochu.co.jp,Teams,総合職 /社員 / ITOCHU Employee,通信ビジネス部モバイルビジネス課,IZ,,,,1765079589,1765079589
dca87b21-717a-488f-b655-d2eb02a60f8c,7b720439-7a5b-47b4-91f7-a96a47f63375,モバイルビジネス課,菊池 隆宏,,キクチ タカヒロ,モバイルビジネス課,+818092065244,08092065244,+818092065244,+818092065244,kikuchi-tak@itochu.co.jp,Teams,総合職 /社員 / ITOCHU Employee,通信ビジネス部モバイルビジネス課,TOKIZ,,,,1765079589,1765079589
15f19c18-8469-4800-a1f0-97edbbac8281,7b720439-7a5b-47b4-91f7-a96a47f63375,モバイルビジネス課,萩岡 侑祐,,ハギオカ ユウスケ,モバイルビジネス課,0334972285,09080285275,08083299134,08083299134,hagioka-y@itochu.co.jp,Teams,総合職 /社員 / ITOCHU Employee,通信ビジネス部モバイルビジネス課(育児休業),tokkv,日本 / Japan,17F,,1765079589,1765079589
ee708779-da31-4484-8450-abc63371d2e3,7b720439-7a5b-47b4-91f7-a96a47f63375,モバイルビジネス課,藤芳 香帆,,フジヨシ カホ,モバイルビジネス課,,09080285287,,,fujiyoshi-k@itochu.co.jp,Teams,総合職 /社員 / ITOCHU Employee,通信ビジネス部モバイルビジネス課,,,,,1765079589,1765079589
f964cc90-3b59-46b1-98b3-3b5d7a923eda,7b720439-7a5b-47b4-91f7-a96a47f63375,モバイルビジネス課,足立 楽斗,,アダチ ガクト,モバイルビジネス課,,08092065318,,,adachi-g@itochu.co.jp,Teams,受入出向 /社員 / ITOCHU Employee,通信ビジネス部モバイルビジネス課,,,,,1765079589,1765079589
75315b46-56ff-4ea6-8081-3e56f8c72fd8,7b720439-7a5b-47b4-91f7-a96a47f63375,モバイルビジネス課,鎌田 奏音,,カマタ カノン,モバイルビジネス課,3763,09080285281,,0334973763,kamata-k@itochu.co.jp,Teams,BX職 /社員 / ITOCHU Employee,通信ビジネス部モバイルビジネス課,S333,,,,1765079589,1765079589
5201d7e3-eea1-47f8-84c5-06abf47ed9ae,7b720439-7a5b-47b4-91f7-a96a47f63375,モバイルビジネス課,黒田 佐知子,,クロダ サチコ,モバイルビジネス課,9313213,08028677225,,0334973213,kuroda@itochu.co.jp,Teams,嘱託(継続雇用) /社員 / ITOCHU Employee,通信ビジネス部モバイルビジネス課,TOKIZ,東京 / TOKYO,17S5,,1765079589,1765079589
faab3b2e-5b62-4c60-a2e0-744299f66c48,7b720439-7a5b-47b4-91f7-a96a47f63375,モバイルビジネス課,山口 恭史,課長,ヤマグチ ヤスフミ,モバイルビジネス課,9317284,08092785895,,0334977284,yamaguchi-y@itochu.co.jp,Teams,総合職 /社員 / ITOCHU Employee,通信ビジネス部モバイルビジネス課長,TOKNP,東京本社 / Tokyo,17F,,1765079589,1765079589
bd4737a7-0c52-41ed-a44a-5c2873914a8e,7b720439-7a5b-47b4-91f7-a96a47f63375,モバイルビジネス課,井上 大輔,課長代行,イノウエ ダイスケ,モバイルビジネス課,9313588,08092065249,,08092065249,inoue-da@itochu.co.jp,Teams,総合職 /社員 / ITOCHU Employee,通信ビジネス部モバイルビジネス課長代行,TOKIZ,東京 / Tokyo,,,1765079589,1765079589
1d41aa56-792f-4326-bc02-372d1f6445dd,954a38dd-e040-4e2f-a758-c46dc9eb6de9,ITビジネス課,佐川 沙和,,サガワ サワ,ITビジネス課,9313271,08095532478,,0334973271,ueki-sa@itochu.co.jp,Teams,BX職 /社員 / ITOCHU Employee,情報産業ビジネス部ITビジネス課,TOKIV,東京 / TOKYO,17FS7,植木 / ウエキ / UEKI,1765079589,1765079589
cf82fbd3-a344-4273-8a84-358b63d3f244,954a38dd-e040-4e2f-a758-c46dc9eb6de9,ITビジネス課,佐藤 和貴,,サトウ カズキ,ITビジネス課,9314408,08092065227,08092065227,0334974408,sato-kaz@itochu.co.jp,Teams,受入出向 /社員 / ITOCHU Employee,情報産業ビジネス部ITビジネス課,TOKIV,,17F,,1765079589,1765079589
09be4f09-8281-4b3e-ae3c-82a2104428b5,954a38dd-e040-4e2f-a758-c46dc9eb6de9,ITビジネス課,原田 拓弥,,ハラダ タクヤ,ITビジネス課,7697,,05031436151,0334977697,harada-ta@itochu.co.jp,Teams,総合職 /社員 / ITOCHU Employee,情報産業ビジネス部ITビジネス課,TOKKV,東京 / TOKYO,17S7,,1765079589,1765079589
00ab4f7d-011c-42b8-bd15-c45c516d1bc6,954a38dd-e040-4e2f-a758-c46dc9eb6de9,ITビジネス課,小堀 眞理香,,コボリ マリカ,ITビジネス課,9313193,08092065214,,0334974181,kobori-m@itochu.co.jp,Teams,総合職 /社員 / ITOCHU Employee,情報産業ビジネス部ITビジネス課,TOKIV,,,,1765079589,1765079589
d3432029-8f89-4878-9ae5-9922847627aa,954a38dd-e040-4e2f-a758-c46dc9eb6de9,ITビジネス課,平田 奈保美,,ヒラタ ナオミ,ITビジネス課,08092065386,08092065386,,0334972425,hirata-n@itochu.co.jp,Teams,総合職 /社員 / ITOCHU Employee,情報産業ビジネス部ITビジネス課,SCNGV,東京 / TOKYO,,,1765079589,1765079589
0f6dde5a-9d35-4f90-8da4-7dcb0755e759,954a38dd-e040-4e2f-a758-c46dc9eb6de9,ITビジネス課,後藤 誠一,,ゴトウ セイイチ,ITビジネス課,9312533,08092065223,08012498033,0334972533,goto-se@itochu.co.jp,Teams,受入出向 /社員 / ITOCHU Employee,情報産業ビジネス部ITビジネス課,TOKIV,,17FS7,,1765079589,1765079589
dd684ae0-f047-481c-b5c0-8ae1b3835871,954a38dd-e040-4e2f-a758-c46dc9eb6de9,ITビジネス課,末宗 隆志,,スエムネ タカシ,ITビジネス課,9312443,08092065213,,08092065213,suemune-t@itochu.co.jp,Teams,総合職 /社員 / ITOCHU Employee,情報産業ビジネス部ITビジネス課,TOKIV,東京本社 / Tokyo HQ,17S,,1765079589,1765079589
9166aadc-ae83-41c3-8198-59daff13de18,954a38dd-e040-4e2f-a758-c46dc9eb6de9,ITビジネス課,板橋 望,,イタバシ ノゾミ,ITビジネス課,9312531,08092065230,08092065230,0334972531,maruyama-no@itochu.co.jp,Teams,総合職 /社員 / ITOCHU Employee,情報産業ビジネス部ITビジネス課,TOKIV,東京 / TOKYO,17F-S7,丸山 / マルヤマ / MARUYAMA,1765079589,1765079589
6c87607c-2a62-42b6-8a13-9de43bb4f244,954a38dd-e040-4e2f-a758-c46dc9eb6de9,ITビジネス課,森谷 将憲,,モリヤ マサノリ,ITビジネス課,9317698,08092065220,818092065220,81334977698,,Teams,総合職 /社員 / ITOCHU Employee,情報産業ビジネス部ITビジネス課,TOKIV,東京都 / Tokyo,,,1765079589,1765079589
e6ad12a4-2fa4-4220-bd3c-2c09d0b70bb4,954a38dd-e040-4e2f-a758-c46dc9eb6de9,ITビジネス課,池田 祐亮,,イケダ ユウスケ,ITビジネス課,9312426,08092065211,,,ikeda-yus@itochu.co.jp,Teams,総合職 /社員 / ITOCHU Employee,情報産業ビジネス部ITビジネス課,TOKIV,青山 /,-,,1765079589,1765079589
c809ab3a-9fde-4ae0-b384-0588771ed61b,954a38dd-e040-4e2f-a758-c46dc9eb6de9,ITビジネス課,黄 優怡,,コウ ユウイ,ITビジネス課,9313799,08092065370,08092065370,0334973799,huang-yo@itochu.co.jp,Teams,総合職 /社員 / ITOCHU Employee,情報産業ビジネス部ITビジネス課,TOKIV,,,,1765079589,1765079589
ae1be957-7764-49a4-98ce-4dae980e14b8,954a38dd-e040-4e2f-a758-c46dc9eb6de9,ITビジネス課,山田 哲生,課長,ヤマダ テツオ,ITビジネス課,9313317,08092065215,08092065215,0334973317,yamada-t@itochu.co.jp,Teams,総合職 /社員 / ITOCHU Employee,情報産業ビジネス部ITビジネス課長,TOKKV,東京 / Tokyo,17F,,1765079589,1765079589
37f5a83e-4f8f-4f7b-89e7-0d8dedc38fa1,954a38dd-e040-4e2f-a758-c46dc9eb6de9,ITビジネス課,工藤 嘉也,課長代行,クドウ カツヤ,ITビジネス課,08092065224,08092065224,08092065224,08092065224,kudo-kat@itochu.co.jp,Teams,総合職 /社員 / ITOCHU Employee,情報産業ビジネス部ITビジネス課長代行,TOKIV,,,,1765079589,1765079589
804bab02-ed13-48ae-9cf0-ead9b2825e7e,9a60351e-a6c8-4b62-b3bd-11538a181365,通信ビジネス部,石井 恵子,,イシイ ケイコ,通信ビジネス部,,09080285267,,,ishii-keiko@itochu.co.jp,Teams,BX職 /社員 / ITOCHU Employee,(兼)通信ビジネス部,,,,,1765079589,1765079589
3857fb08-0cda-4b7a-b69d-7157be90df8e,9a60351e-a6c8-4b62-b3bd-11538a181365,通信ビジネス部,野波 宏安,,ノナミ ヒロヤス,通信ビジネス部,931,09080285317,,0334973654,nonami@itochu.co.jp,Teams,総合職 /社員 / ITOCHU Employee,通信ビジネス部,TOKIC,,,,1765079589,1765079589
bc46152c-7a7a-410e-acba-787440b7805d,9a60351e-a6c8-4b62-b3bd-11538a181365,通信ビジネス部,太田 英利,部長,オオタ ヒデトシ,通信ビジネス部,,08092065151,,,oota-hid@itochu.co.jp,Teams,総合職 /社員 / ITOCHU Employee,(兼)通信ビジネス部長,,,,,1765079589,1765079589
c2f5b45a-59f5-4b8f-a8c0-5a98dd30aa7e,9a60351e-a6c8-4b62-b3bd-11538a181365,通信ビジネス部,松本 雄吾,部長代行,マツモト ユウゴ,通信ビジネス部,9317541,08092065240,+818092065240,+81334977541,matsumoto-yug@itochu.co.jp,Teams,総合職 /社員 / ITOCHU Employee,通信ビジネス部長代行,TOKIC,伊藤忠商事 青山本社 / ITOCHU Corporation,17F S5,,1765079589,1765079589
0e89eef7-cd5a-4008-b5ab-1702483d29e7,9cfb061d-ce03-4b15-ae8b-5e242d9effb9,営業サポートチーム,上間 卓巳,,ウエマ タクミ,営業サポートチーム,9312614,09080285115,09014349971,0334972614,uema-t@itochu.co.jp,Teams,嘱託(継続雇用) /社員 / ITOCHU Employee,情報・通信部門営業サポートチーム,TOKIW,"東京本社 / HQ, Tokyo",19S7,,1765079589,1765079589
ec7ea029-df84-4dd2-8519-93eaec8cfa24,9cfb061d-ce03-4b15-ae8b-5e242d9effb9,営業サポートチーム,小川 優華,,オガワ ユカ,営業サポートチーム,9312356,08095532625,,0334972356,ogawa-y@itochu.co.jp,Teams,BX職 /社員 / ITOCHU Employee,情報・通信部門営業サポートチーム,TOKIW,,,,1765079589,1765079589
668b5f19-4851-4bbc-be09-3dcd8565b020,9cfb061d-ce03-4b15-ae8b-5e242d9effb9,営業サポートチーム,工藤 美樹,,クドウ ミキ,営業サポートチーム,3274,08095532634,,0334973274,kudo-miki1@itochu.co.jp,Teams,社員外 /派遣社員 / Temp Staff,情報・通信部門　営業サポートチーム,TOKIW,外苑前 / Gaienmae,8F,,1765079589,1765079589
6940d1b1-642e-46cc-91ab-cf68de51767c,9cfb061d-ce03-4b15-ae8b-5e242d9effb9,営業サポートチーム,早川 誠人,,ハヤカワ マサト,営業サポートチーム,92417,08092065156,,0334972417,hayakawa@itochu.co.jp,Teams,総合職 /社員 / ITOCHU Employee,(兼)情報・通信部門営業サポートチーム,TOKKU,"東京都港区北青山2-5-1 / 2-5-1, Kita-Aoyama, Minato-ku, Tokyo",８F,,1765079589,1765079589
cf9929ca-679e-413f-bf6d-3145a5492b76,9cfb061d-ce03-4b15-ae8b-5e242d9effb9,営業サポートチーム,林 眞希,,ハヤシ マキ,営業サポートチーム,9311342,,,0334971342,hayashi-maki@itochu.co.jp,Teams,社員外 /派遣社員 / Temp Staff,営業サポートチーム,TOKIX,,,,1765079589,1765079589
a4624f15-70cf-47f7-a938-9362a15fa5f1,9cfb061d-ce03-4b15-ae8b-5e242d9effb9,営業サポートチーム,池田 美香,,イケダ ミカ,営業サポートチーム,9313168,08095532632,,0334973168,ikeda-mik@itochu.co.jp,Teams,BX職 /社員 / ITOCHU Employee,情報・通信部門営業サポートチーム,TOKIW,,,,1765079589,1765079589
a2ef1c99-b4aa-418b-8570-1c8d0e5e281e,9cfb061d-ce03-4b15-ae8b-5e242d9effb9,営業サポートチーム,満田 千裕,,ミツダ チヒロ,営業サポートチーム,9313176,08092065329,,0334973176,mitsuda-c@itochu.co.jp,Teams,BX職 /社員 / ITOCHU Employee,情報・通信部門営業サポートチーム,TOKIW,東京 / -,17F S7,渡辺 / ワタナベ /,1765079589,1765079589
f500be58-0ed0-42ef-9d04-e1350247fdc3,9cfb061d-ce03-4b15-ae8b-5e242d9effb9,営業サポートチーム,片柳 優貴子,,カタヤナギ ユキコ,営業サポートチーム,9314845,09080285120,,0334974845,katayanagi-y@itochu.co.jp,Teams,BX職 /社員 / ITOCHU Employee,情報・通信部門営業サポートチーム,TOKIW,東京 / TOKYO,17FS,,1765079589,1765079589
4fd7d306-68cf-495e-aede-073924de75b7,9cfb061d-ce03-4b15-ae8b-5e242d9effb9,営業サポートチーム,菅井 桃子,,スガイ モモコ,営業サポートチーム,931,,,09088179825,tokuda-m@itochu.co.jp,Teams,総合職 /社員 / ITOCHU Employee,(兼)情報・通信部門営業サポートチーム,TOKIW,東京 / Tokyo,17S7,德田・徳田 / トクダ / TOKUDA,1765079589,1765079589
5714edd1-5493-4f6d-9f18-8cda3887b747,9cfb061d-ce03-4b15-ae8b-5e242d9effb9,営業サポートチーム,青木 美和,,アオキ ミワ,営業サポートチーム,9314299,09080285117,,0334974299,aoki-miwa1@itochu.co.jp,Teams,社員外 /派遣社員 / Temp Staff,営業サポートチーム,TOKIW,東京 / -,17　S7,,1765079589,1765079589
b50af714-9eaa-47e7-97ce-779d48d5bc97,9cfb061d-ce03-4b15-ae8b-5e242d9effb9,営業サポートチーム,齋藤 裕紀,,サイトウ ユキ,営業サポートチーム,2077,08095532629,,0,saitou-yuki@itochu.co.jp,Teams,社員外 /派遣社員 / Temp Staff,営業サポートチーム,0,,,,1765079589,1765079589
11b437ad-722c-46ff-a474-d18beece737c,9cfb061d-ce03-4b15-ae8b-5e242d9effb9,営業サポートチーム,長澤 英郎,チーム長,ナガサワ ヒデオ,営業サポートチーム,9313220,08092065328,,0334973220,nagasawa-h@itochu.co.jp,Teams,総合職 /社員 / ITOCHU Employee,情報・通信部門営業サポートチーム長,TOKIW,東京 / Tokyo,,,1765079589,1765079589
db3f1909-b876-4f92-a580-dd280e69693f,9cfb061d-ce03-4b15-ae8b-5e242d9effb9,営業サポートチーム,森川 哲,チーム長代行,モリカワ サトシ,営業サポートチーム,9312856,,08058961387,0334972856,s.morikawa@itochu.co.jp,Teams,総合職 /社員 / ITOCHU Employee,情報・通信部門営業サポートチーム長代行,TOKIW,17階南側 / 17F South,,,1765079589,1765079589
a109bcc4-924f-49be-93ca-429b71302628,b1b4fc6f-63f6-4858-b339-fdc1c8ef8e46,衛星・IPコンテンツビジネス課,中村 優作,,ナカムラ ユウサク,衛星・IPコンテンツビジネス課,2484,08092065231,08092065231,0334972484,nakamura-yusa@itochu.co.jp,Teams,総合職 /社員 / ITOCHU Employee,フロンティアビジネス部衛星・IPコンテンツビジネス課,TOKIP,東京 / Tokyo,17F 17S7,,1765080178,1765080178
8d4480ce-c800-42af-85ea-11db653355bc,b1b4fc6f-63f6-4858-b339-fdc1c8ef8e46,衛星・IPコンテンツビジネス課,中江 瞭介,,ナカエ リヨウスケ,衛星・IPコンテンツビジネス課,,08092065239,,,nakae-r@itochu.co.jp,Teams,総合職 /社員 / ITOCHU Employee,(兼)フロンティアビジネス部衛星・IPコンテンツビジネス課,,,,,1765080178,1765080178
5e93f34e-1383-4c32-a577-8eb9323453b5,b1b4fc6f-63f6-4858-b339-fdc1c8ef8e46,衛星・IPコンテンツビジネス課,吉澤 樹,,ヨシザワ イツキ,衛星・IPコンテンツビジネス課,2479,08095532513,,0334972479,yoshizawa-i@itochu.co.jp,Teams,総合職 /社員 / ITOCHU Employee,フロンティアビジネス部衛星・IPコンテンツビジネス課,TOKIP,東京本社 /,,,1765080178,1765080178
5bb923f7-81cd-4bd2-bb50-168334924c2a,b1b4fc6f-63f6-4858-b339-fdc1c8ef8e46,衛星・IPコンテンツビジネス課,小池 真里奈,,コイケ マリナ,衛星・IPコンテンツビジネス課,9312612,08095419646,,0334972612,kamiya-ma@itochu.co.jp,Teams,BX職 /社員 / ITOCHU Employee,フロンティアビジネス部衛星・IPコンテンツビジネス課,TOKIP,外苑前 / gaiemmae,17,神谷 / カミヤ / KAMIYA,1765080178,1765080178
50e71a8f-4518-433e-ab05-fa9c95c31f7f,b1b4fc6f-63f6-4858-b339-fdc1c8ef8e46,衛星・IPコンテンツビジネス課,尾曽 幸平,,オソ コウヘイ,衛星・IPコンテンツビジネス課,3077,08095532515,,0334973077,oso-k@itochu.co.jp,Teams,総合職 /社員 / ITOCHU Employee,フロンティアビジネス部衛星・IPコンテンツビジネス課,TOKIP,,,,1765080178,1765080178
d1964800-5ffe-4c5a-839b-fd4028fff5b7,b1b4fc6f-63f6-4858-b339-fdc1c8ef8e46,衛星・IPコンテンツビジネス課,松田 萌香,,マツダ モエカ,衛星・IPコンテンツビジネス課,9318685,08024001178,,0334978685,matsuda-mo@itochu.co.jp,Teams,総合職 /社員 / ITOCHU Employee,フロンティアビジネス部衛星・IPコンテンツビジネス課,TOKIP,TOKYO / TOKYO,17S3,,1765080178,1765080178
fab3da3a-07e8-436f-9ef4-36a4a2f4dc74,b1b4fc6f-63f6-4858-b339-fdc1c8ef8e46,衛星・IPコンテンツビジネス課,牧尾 貴宏,,マキオ タカヒロ,衛星・IPコンテンツビジネス課,9317485,08092065233,08092065233,0334977485,makio-ta@itochu.co.jp,Teams,総合職 /社員 / ITOCHU Employee,フロンティアビジネス部衛星・IPコンテンツビジネス課,TOKIP,"107-8077 東京都港区北青山2-5-1 / 5-1, Kitaaoyama 2-chome, Minato-ku, Tokyo 107-8077, Japan",17F,,1765080178,1765080178
9a48d04c-82f3-4c8e-80be-09b0da4d0017,b1b4fc6f-63f6-4858-b339-fdc1c8ef8e46,衛星・IPコンテンツビジネス課,王 青,,オウ セイ,衛星・IPコンテンツビジネス課,9312491,08095532514,,0334972491,wang-qing@itochu.co.jp,Teams,社員外 /派遣社員 / Temp Staff,衛星・IPコンテンツビジネス課,TOKIP,,,,1765080178,1765080178
14a41ff2-ae6b-4aa6-8efb-1823cfc679e3,b1b4fc6f-63f6-4858-b339-fdc1c8ef8e46,衛星・IPコンテンツビジネス課,福島 万有,,フクシマ マユ,衛星・IPコンテンツビジネス課,3934,08092065237,,0334973934,kobayashi-may@itochu.co.jp,Teams,総合職 /社員 / ITOCHU Employee,フロンティアビジネス部衛星・IPコンテンツビジネス課,TOKIP,,,小林 / コバヤシ / KOBAYASHI,1765080178,1765080178
400ac407-7247-4d7a-9c5e-3412eb50bfaf,b1b4fc6f-63f6-4858-b339-fdc1c8ef8e46,衛星・IPコンテンツビジネス課,種倉 平晃,,タネクラ ナルアキ,衛星・IPコンテンツビジネス課,0334972456,,,08010377007,tanekura-n@itochu.co.jp,Teams,受入出向 /社員 / ITOCHU Employee,フロンティアビジネス部衛星・IPコンテンツビジネス課,TOKIP,,,,1765080178,1765080178
10e8bc1e-ffc0-4644-ad5f-58a698ff751f,b1b4fc6f-63f6-4858-b339-fdc1c8ef8e46,衛星・IPコンテンツビジネス課,藤巻 亮太,,フジマキ リヨウタ,衛星・IPコンテンツビジネス課,9312446,07041168141,07041168141,0334972446,fujimaki-r@itochu.co.jp,Teams,総合職 /社員 / ITOCHU Employee,フロンティアビジネス部衛星・IPコンテンツビジネス課,TOKIP,東京 / Tokyo,17S3,,1765080178,1765080178
c09301bf-4f87-4b6b-a354-8e595c5c6b4e,b1b4fc6f-63f6-4858-b339-fdc1c8ef8e46,衛星・IPコンテンツビジネス課,谷川 真人,,タニガワ マサト,衛星・IPコンテンツビジネス課,9312615,08092065363,,0334972615,tanigawa-m@itochu.co.jp,Teams,総合職 /社員 / ITOCHU Employee,フロンティアビジネス部衛星・IPコンテンツビジネス課,TOKIP,,,,1765080178,1765080178
55e96be4-098b-461b-8387-9bb8f027b256,b1b4fc6f-63f6-4858-b339-fdc1c8ef8e46,衛星・IPコンテンツビジネス課,野口 みゆき,,ノグチ ミユキ,衛星・IPコンテンツビジネス課,9317660,08095532519,,0334977660,noguchi-mi@itochu.co.jp,Teams,嘱託(継続雇用) /社員 / ITOCHU Employee,フロンティアビジネス部衛星・IPコンテンツビジネス課,TOKIP,,17S7,,1765080178,1765080178
67c3dea8-0e17-4fd2-a121-605b8b5f9dbf,b1b4fc6f-63f6-4858-b339-fdc1c8ef8e46,衛星・IPコンテンツビジネス課,阪田 将輝,,サカタ マサキ,衛星・IPコンテンツビジネス課,4833,08092065232,08092065232,0334974833,sakata-m@itochu.co.jp,Teams,総合職 /社員 / ITOCHU Employee,フロンティアビジネス部衛星・IPコンテンツビジネス課,TOKIP,,17S3,,1765080178,1765080178
2ff7ac80-e053-487f-ba1f-0b7e8c11abc0,b1b4fc6f-63f6-4858-b339-fdc1c8ef8e46,衛星・IPコンテンツビジネス課,荒巻 裕史,課長,アラマキ ヒロシ,衛星・IPコンテンツビジネス課,9312408,08095532509,+819071607178,+81334972408,aramaki-h@itochu.co.jp,Teams,総合職 /社員 / ITOCHU Employee,フロンティアビジネス部衛星・IPコンテンツビジネス課長,TOKIP,東京 / Tokyo,17F S3,,1765080178,1765080178
a8cf91c0-90ca-4b77-a341-9bbde13b71d6,b1b4fc6f-63f6-4858-b339-fdc1c8ef8e46,衛星・IPコンテンツビジネス課,稲留 光,課長代行,イナドメ ヒカル,衛星・IPコンテンツビジネス課,4170,08095532516,,0334974170,inadome-h@itochu.co.jp,Teams,総合職 /社員 / ITOCHU Employee,フロンティアビジネス部衛星・IPコンテンツビジネス課長代行,TOKNU,東京（17F） / Tokyo office,17F,,1765080178,1765080178
a6c93f5a-8c87-45d0-abbd-4aefdf34e6d0,cf99ef81-021e-44ee-ba8b-f84e1b62d646,医療・ヘルスケアビジネス課,三谷 響子,,ミタニ キヨウコ,医療・ヘルスケアビジネス課,2357,,,0334974181,masuda-ky@itochu.co.jp,Teams,総合職 /社員 / ITOCHU Employee,フロンティアビジネス部医療・ヘルスケアビジネス課(育児休業),-,東京 / TOKYO,,増田 / マスダ / MASUDA,1765080178,1765080178
cfed82b2-afe4-466b-9d14-938b82b893eb,cf99ef81-021e-44ee-ba8b-f84e1b62d646,医療・ヘルスケアビジネス課,中尾 久仁央樹,,ナカオ クニオキ,医療・ヘルスケアビジネス課,,08028677299,,,nakao-ku@itochu.co.jp,Teams,総合職 /社員 / ITOCHU Employee,(兼)フロンティアビジネス部医療・ヘルスケアビジネス課,,,,,1765080178,1765080178
2753eb5e-ac01-439a-8fdf-5f3822875228,cf99ef81-021e-44ee-ba8b-f84e1b62d646,医療・ヘルスケアビジネス課,久田 尚子,,ヒサタ ナオコ,医療・ヘルスケアビジネス課,9313723,08095532505,,0334973723,kubota-na@itochu.co.jp,Teams,BX職 /社員 / ITOCHU Employee,フロンティアビジネス部医療・ヘルスケアビジネス課,TOKIH,東京本社 / tokyo,17S7,,1765080178,1765080178
612afa99-575b-475c-9c50-b74794f0816c,cf99ef81-021e-44ee-ba8b-f84e1b62d646,医療・ヘルスケアビジネス課,傳谷 麗二,,デンヤ レイジ,医療・ヘルスケアビジネス課,2793,07041168137,07041168137,070411168137,denya-r@itochu.co.jp,Teams,総合職 /社員 / ITOCHU Employee,フロンティアビジネス部医療・ヘルスケアビジネス課,KF,,,,1765080178,1765080178
64ad82b3-4ce5-44b0-b842-1b1ba902ea21,cf99ef81-021e-44ee-ba8b-f84e1b62d646,医療・ヘルスケアビジネス課,古川 智也,,フルカワ トモヤ,医療・ヘルスケアビジネス課,0334972364,08092065183,08092065183,08092065183,furukawa-to@itochu.co.jp,Teams,総合職 /社員 / ITOCHU Employee,フロンティアビジネス部医療・ヘルスケアビジネス課,TOKIH,東京 / Tokyo,,,1765080178,1765080178
66c80c4f-c5ba-4fab-b980-4ac3fd1de2f4,cf99ef81-021e-44ee-ba8b-f84e1b62d646,医療・ヘルスケアビジネス課,小原 有希,,オハラ ユキ,医療・ヘルスケアビジネス課,931,,,03,kimura-yuk@itochu.co.jp,Teams,BX職 /社員 / ITOCHU Employee,フロンティアビジネス部医療・ヘルスケアビジネス課,TOKIH,東京 / TOKYO,17S5,木村 / キムラ / KIMURA,1765080178,1765080178
27a1829a-adc1-4f06-a879-d1e4bc45f0bf,cf99ef81-021e-44ee-ba8b-f84e1b62d646,医療・ヘルスケアビジネス課,深川 麻里香,,フカガワ マリカ,医療・ヘルスケアビジネス課,9312406,,07041168132,0334972406,arai-ma@itochu.co.jp,Teams,総合職 /社員 / ITOCHU Employee,フロンティアビジネス部医療・ヘルスケアビジネス課,TOKIH,東京本社 /,17S7,荒井 / アライ / ARAI,1765080178,1765080178
fc36be2a-a18c-4a99-9fd5-638dc67b9c34,cf99ef81-021e-44ee-ba8b-f84e1b62d646,医療・ヘルスケアビジネス課,玉城 諭,,タマキ サトル,医療・ヘルスケアビジネス課,,07041168133,,,tamaki-sa@itochu.co.jp,Teams,受入出向 /社員 / ITOCHU Employee,フロンティアビジネス部医療・ヘルスケアビジネス課,,,,,1765080178,1765080178
ef11e14c-76e8-42aa-b143-9fe631ad8123,cf99ef81-021e-44ee-ba8b-f84e1b62d646,医療・ヘルスケアビジネス課,石川 凌士,,イシカワ リヨウジ,医療・ヘルスケアビジネス課,0334972357,,,0334972357,ishikawa-ry@itochu.co.jp,Teams,総合職 /社員 / ITOCHU Employee,フロンティアビジネス部医療・ヘルスケアビジネス課,TOKIH,,,,1765080178,1765080178
4663eea0-d97c-48d3-b6ac-9a03ed941e99,cf99ef81-021e-44ee-ba8b-f84e1b62d646,医療・ヘルスケアビジネス課,磯部 凪,,イソベ ナギ,医療・ヘルスケアビジネス課,9313594,09080285313,,0334973594,isobe-n@itochu.co.jp,Teams,総合職 /社員 / ITOCHU Employee,フロンティアビジネス部医療・ヘルスケアビジネス課,TOKIH,,,,1765080178,1765080178
48ce3df0-4079-48c7-a553-215b81c64e00,cf99ef81-021e-44ee-ba8b-f84e1b62d646,医療・ヘルスケアビジネス課,舟越 慧,,フナコシ ケイ,医療・ヘルスケアビジネス課,2085,09080285109,,0334972085,funakoshi-k@itochu.co.jp,Teams,総合職 /社員 / ITOCHU Employee,フロンティアビジネス部医療・ヘルスケアビジネス課,TOKIH,東京 / Tokyo,11F,,1765080178,1765080178
7c2a410d-72d3-4cb9-a7ee-369be0d13628,cf99ef81-021e-44ee-ba8b-f84e1b62d646,医療・ヘルスケアビジネス課,趙 澄絵,,チョウ スミエ,医療・ヘルスケアビジネス課,9313242,07041168138,,0334973242,zhao-c@itochu.co.jp,Teams,受入出向 /社員 / ITOCHU Employee,フロンティアビジネス部医療・ヘルスケアビジネス課,TOKIH,,17S7,,1765080178,1765080178
3575c257-8ecf-4aa5-a0b9-f21674609551,cf99ef81-021e-44ee-ba8b-f84e1b62d646,医療・ヘルスケアビジネス課,酒井 亮,,サカイ リヨウ,医療・ヘルスケアビジネス課,,07041168122,,,sakai-r@itochu.co.jp,Teams,総合職 /社員 / ITOCHU Employee,(兼)フロンティアビジネス部医療・ヘルスケアビジネス課,,,,,1765080178,1765080178
aa51fa3e-62d4-456a-b70a-ace5a7ff1aff,cf99ef81-021e-44ee-ba8b-f84e1b62d646,医療・ヘルスケアビジネス課,黒谷 京叶,,クロタニ キョウカ,医療・ヘルスケアビジネス課,08092065186,08092065186,08092065186,08092065186,kurotani-k@itochu.co.jp,Teams,総合職 /社員 / ITOCHU Employee,フロンティアビジネス部医療・ヘルスケアビジネス課,IH,,,,1765080178,1765080178
c2f04fe8-0b67-4c6a-968f-912d0167adcb,cf99ef81-021e-44ee-ba8b-f84e1b62d646,医療・ヘルスケアビジネス課,児玉 裕幸,課長,コダマ ヒロユキ,医療・ヘルスケアビジネス課,9312627,07041168130,09035266839,0334972627,kodama-h@itochu.co.jp,Teams,総合職 /社員 / ITOCHU Employee,フロンティアビジネス部医療・ヘルスケアビジネス課長,TOKIH,"日本/東京 / Japan, Tokyo",17F,,1765080178,1765080178
95b99b9e-d5a8-4ced-bcc0-fa154ecbc40d,cf99ef81-021e-44ee-ba8b-f84e1b62d646,医療・ヘルスケアビジネス課,清村 篤志,課長代行,キヨムラ アツシ,医療・ヘルスケアビジネス課,9312423,08092065187,09093827542,0334972423,kiyomura-a@itochu.co.jp,Teams,総合職 /社員 / ITOCHU Employee,フロンティアビジネス部医療・ヘルスケアビジネス課長代行,TOKIH,"東京青山 / 2-5-1 Kita-Aoyama, Minato-ku, Tokyo Japan",17 S03,,1765080178,1765080178
782789dc-3fd7-4b23-9f51-e13aa415bd2e,f2b92ae6-4b68-4b54-bec8-ddb77e0e0a48,企画統轄課,上信 陽太郎,,ウエノブ ヨウタロウ,企画統轄課,,09080285310,,,uenobu-y@itochu.co.jp,Teams,総合職 /社員 / ITOCHU Employee,情報・通信部門企画統轄課,,,,,1765079589,1765079589
f519950d-a1cc-495b-9d3c-a9f09229a9ea,f2b92ae6-4b68-4b54-bec8-ddb77e0e0a48,企画統轄課,前平 恵子,,マエヒラ ケイコ,企画統轄課,9312453,08095532635,,0334972453,maehira-k@itochu.co.jp,Teams,BX職 /社員 / ITOCHU Employee,情報・通信部門企画統轄課,TOKKU,東京 / TOKYO,17S5,,1765079589,1765079589
e9e0b847-03b2-437c-8b18-7e7a895ec215,f2b92ae6-4b68-4b54-bec8-ddb77e0e0a48,企画統轄課,前田 葉子,,マエダ ヨウコ,企画統轄課,7330,,,0334977330,maeda-yok@itochu.co.jp,Teams,BX職 /社員 / ITOCHU Employee,情報・通信部門企画統轄課(育児休業),TOKKU,東京本社 / tokyo,17S5,,1765079589,1765079589
2b7a4df3-85ee-4d7b-a993-35bfddc503fa,f2b92ae6-4b68-4b54-bec8-ddb77e0e0a48,企画統轄課,山内 雅道,,ヤマウチ マサミチ,企画統轄課,,08092065154,,,yamauchi-masam@itochu.co.jp,Teams,総合職 /社員 / ITOCHU Employee,(兼)情報・通信部門企画統轄課,,,,,1765079589,1765079589
5303ff27-2c6a-4bdb-9937-0deb9cfde968,f2b92ae6-4b68-4b54-bec8-ddb77e0e0a48,企画統轄課,松本 英司,,マツモト エイジ,企画統轄課,,08095532636,,,matsumoto.eiji@itochu.co.jp,Teams,総合職 /社員 / ITOCHU Employee,(兼)情報・通信部門企画統轄課,,,,,1765079589,1765079589
246c6576-e328-47e6-b4dc-95ae3217dd43,f2b92ae6-4b68-4b54-bec8-ddb77e0e0a48,企画統轄課,沼尻 真司,,ヌマジリ シンジ,企画統轄課,,08095532638,,,numajiri-s@itochu.co.jp,Teams,総合職 /社員 / ITOCHU Employee,(兼)情報・通信部門企画統轄課,,,,,1765079589,1765079589
cd682e69-e19a-4bfa-ad2a-36d2e32605d4,f2b92ae6-4b68-4b54-bec8-ddb77e0e0a48,企画統轄課,石岡 稜司,,イシオカ リヨウジ,企画統轄課,3555,09080285311,,0334973555,ishioka-r@itochu.co.jp,Teams,総合職 /社員 / ITOCHU Employee,情報・通信部門企画統轄課,TOKKU,"東京都港区北青山2-5-1 / 5-1, Kita-Aoyama 2-chome, Minato-ku, Tokyo",17F,,1765079589,1765079589
86f3e072-5cd6-4a55-ac0d-81053b6fbde9,f2b92ae6-4b68-4b54-bec8-ddb77e0e0a48,企画統轄課,窪田 隆平,,クボタ リュウヘイ,企画統轄課,,09080285315,,,kubota-ry@itochu.co.jp,Teams,総合職 /社員 / ITOCHU Employee,情報・通信部門企画統轄課,,,,,1765079589,1765079589
04fa3eaa-b567-42e7-971e-247f2ee974d1,f2b92ae6-4b68-4b54-bec8-ddb77e0e0a48,企画統轄課,蜂須賀 栞,,ハチスカ シオリ,企画統轄課,9314296,08095532641,,0334974296,hachisuka-s@itochu.co.jp,Teams,BX職 /社員 / ITOCHU Employee,情報・通信部門企画統轄課,TOKKU,,,,1765079589,1765079589
5302742a-08e8-4b02-944f-4ab05dd4a7f6,f2b92ae6-4b68-4b54-bec8-ddb77e0e0a48,企画統轄課,豊原 法幸,,トヨハラ ノリユキ,企画統轄課,,08095532639,,,,Teams,嘱託(継続雇用) /社員 / ITOCHU Employee,(兼)情報・通信部門企画統轄課,,,,,1765079589,1765079589
0a9c784f-9d7d-4b3e-a9ae-84b63b12c428,f2b92ae6-4b68-4b54-bec8-ddb77e0e0a48,企画統轄課,髙原 諒,,タカハラ リヨウ,企画統轄課,2436,09080285309,08032506041,0334972436,takahara-r@itochu.co.jp,Teams,総合職 /社員 / ITOCHU Employee,情報・通信部門企画統轄課,TOKKF,伊藤忠商事　東京本社 / Itochu Corporation,17FS7,,1765079589,1765079589
61af58ef-0809-46e8-8baa-3156d7304a00,f2b92ae6-4b68-4b54-bec8-ddb77e0e0a48,企画統轄課,三谷 恭介,課長,ミタニ キヨウスケ,企画統轄課,7866,08095532643,,0334977866,mitani-k@itochu.co.jp,Teams,総合職 /社員 / ITOCHU Employee,情報・通信部門企画統轄課長,TOKKU,東京 / Tokyo,17F,,1765079589,1765079589
bfc6d485-08f9-417d-b66d-8541929dd36a,f2b92ae6-4b68-4b54-bec8-ddb77e0e0a48,企画統轄課,堀内 勇輝,課長代行,ホリウチ ユウキ,企画統轄課,3687,09080285314,,0334973687,horiuchi-yu@itochu.co.jp,Teams,総合職 /社員 / ITOCHU Employee,情報・通信部門企画統轄課長代行,TOKKU,東京 / Tokyo,17F,堀内勇輝 / ホリウチユウキ / HORIUCHI YUKI,1765079589,1765079589
fee04d4b-a9aa-43d8-b8f7-b01a509754bc,f41b8b41-b52b-4204-aae6-345a83e565e7,情報・通信部門,堀内 真人,部門長,ホリウチ マサト,情報・通信部門,9313625,08095532647,,0334973625,horiuchi-m@itochu.co.jp,Teams,執行役員 /社員 / ITOCHU Employee,情報・通信部門長,TOKKU,"東京都港区北青山2-5-1　〒１０７-8077 / 5-1,Kita-Aoyama 2-chome,Minatoku,Tokyo 107-8077,Japan",17S,,1765079589,1765079589
51b85f56-ec23-4586-ad25-b5f8555b0514,f41b8b41-b52b-4204-aae6-345a83e565e7,情報・通信部門,太田 英利,部門長代行,オオタ ヒデトシ,情報・通信部門,9317117,08092065151,08092065151,0334977117,oota-hid@itochu.co.jp,Teams,総合職 /社員 / ITOCHU Employee,情報・通信部門長代行,TOKIC,"東京都港区北青山2-5-1 / 5-1, Kita-Aoyama 2-chome, Minato-ku, Tokyo 107-8077 Japan",17,,1765079589,1765079589
ccd7869e-9060-420e-b00e-fab36132dc4b,f41b8b41-b52b-4204-aae6-345a83e565e7,情報・通信部門,金児 真利,部門長補佐,カネコ マサトシ,情報・通信部門,9317696,08095532621,,0334977696,kaneko-masat@itochu.co.jp,Teams,総合職 /社員 / ITOCHU Employee,情報・通信部門長補佐,TOKOH,Tokyo / Tokyo,17FS,,1765079589,1765079589
f7b900a4-fed0-470c-abb2-b5ae55ea76b5,f8c4ca88-e677-4ac3-965f-a31f0404f76b,デジタルバリューチェーン課,三澤 崇治,,ミサワ シユウジ,デジタルバリューチェーン課,2859,08092065193,,0334972859,misawa-s@itochu.co.jp,Teams,総合職 /社員 / ITOCHU Employee,情報産業ビジネス部デジタルバリューチェーン課,TOKIX,,,,1765079589,1765079589
4fea6355-687f-4b2d-b570-cd160d977ca9,f8c4ca88-e677-4ac3-965f-a31f0404f76b,デジタルバリューチェーン課,中山 和哉,,ナカヤマ カズヤ,デジタルバリューチェーン課,7699,08092065210,08092065210,0334977699,nakayama-k@itochu.co.jp,Teams,総合職 /社員 / ITOCHU Employee,情報産業ビジネス部デジタルバリューチェーン課,TOKIX,,,,1765079589,1765079589
d77e6a1d-19e8-43e0-9d1a-74ed3a98156c,f8c4ca88-e677-4ac3-965f-a31f0404f76b,デジタルバリューチェーン課,伊豆田 圭吾,,イズタ ケイゴ,デジタルバリューチェーン課,9317260,08028677209,,08028677209,izuta-k@itochu.co.jp,Teams,総合職 /社員 / ITOCHU Employee,情報産業ビジネス部デジタルバリューチェーン課,TOKIX,伊藤忠商事株式会社 / Itochu Corporation,17F,,1765079589,1765079589
9942080b-f193-4551-830b-147213f53aea,f8c4ca88-e677-4ac3-965f-a31f0404f76b,デジタルバリューチェーン課,境 哲教,,サカイ テツノリ,デジタルバリューチェーン課,9314337,08092065198,08059370948,0334974337,sakai-te@itochu.co.jp,Teams,受入出向 /社員 / ITOCHU Employee,情報産業ビジネス部デジタルバリューチェーン課,TOKIX,,,,1765079589,1765079589
dbf2a109-5df6-438b-a4af-b8ff86e60f95,f8c4ca88-e677-4ac3-965f-a31f0404f76b,デジタルバリューチェーン課,小久保 大暉,,コクボ ヒロキ,デジタルバリューチェーン課,9312459,08092065191,08092065191,0334972459,kokubo-h@itochu.co.jp,Teams,総合職 /社員 / ITOCHU Employee,情報産業ビジネス部デジタルバリューチェーン課,TOKIX,,,,1765079589,1765079589
8f3c3635-f779-471d-bc19-fb9d075de2f7,f8c4ca88-e677-4ac3-965f-a31f0404f76b,デジタルバリューチェーン課,川村 秋大,,カワムラ アキヒロ,デジタルバリューチェーン課,3224,08092065194,08092065194,0334973224,kawamura-ak@itochu.co.jp,Teams,総合職 /社員 / ITOCHU Employee,情報産業ビジネス部デジタルバリューチェーン課,TOKIX,東京 / Tokyo,17S7,,1765079589,1765079589
c7bb447e-2157-4e4b-bfaa-05185eb3767e,f8c4ca88-e677-4ac3-965f-a31f0404f76b,デジタルバリューチェーン課,木村 雅史,,キムラ マサシ,デジタルバリューチェーン課,9317803,08092065200,08092065200,0334977803,kimura-mas@itochu.co.jp,Teams,総合職 /社員 / ITOCHU Employee,情報産業ビジネス部デジタルバリューチェーン課,TOKIX,,,,1765079589,1765079589
f173234b-ef07-416c-adf5-7884aa05e8a8,f8c4ca88-e677-4ac3-965f-a31f0404f76b,デジタルバリューチェーン課,酒川 令子,,サカガワ レイコ,デジタルバリューチェーン課,9313175,08095532489,,0334973175,sakagawa-reiko@itochu.co.jp,Teams,BX職 /社員 / ITOCHU Employee,情報産業ビジネス部デジタルバリューチェーン課,TOKIX,東京本社 / TOKYO,17F,,1765079589,1765079589
6bfcd94b-fdef-448e-97ee-a9a764b6a3e7,f8c4ca88-e677-4ac3-965f-a31f0404f76b,デジタルバリューチェーン課,齊藤 篤輝,,サイトウ アツキ,デジタルバリューチェーン課,9314287,08092065196,,+819018478216,saito-at@itochu.co.jp,Teams,総合職 /社員 / ITOCHU Employee,情報産業ビジネス部デジタルバリューチェーン課,,,,,1765079589,1765079589
9b945af9-2e9d-426d-917c-ae6f0dc40875,f8c4ca88-e677-4ac3-965f-a31f0404f76b,デジタルバリューチェーン課,小泉 圭巧,課長,コイズミ ケイタ,デジタルバリューチェーン課,9313890,07041168103,07041168103,0334973890,koizumi-ke@itochu.co.jp,Teams,総合職 /社員 / ITOCHU Employee,情報産業ビジネス部デジタルバリューチェーン課長,TOKIX,東京 / Tokyo,17,,1765079589,1765079589
567d9c01-c520-4301-ade5-d92b0e025dc4,f8c4ca88-e677-4ac3-965f-a31f0404f76b,デジタルバリューチェーン課,松原 弘貴,課長代行,マツバラ ヒロキ,デジタルバリューチェーン課,7543,07041168115,,07041168115,matsubara-h@itochu.co.jp,Teams,総合職 /社員 / ITOCHU Employee,情報産業ビジネス部デジタルバリューチェーン課長代行,TOKIX,東京 / Tokyo,17F,,1765079589,1765079589